company,year,Period Ended,Period Length,Source,Revenue,Total Revenue,"Selling/General/Admin. Expenses, Total",Depreciation/Amortisation,Unusual Expense (Income),"Other Operating Expenses, Total",Total Operating Expense,Operating Income,"Interest Inc.(Exp.),Net-Non-Op., Total","Other, Net",Net Income Before Taxes,Provision for Income Taxes,Net Income After Taxes,Net Income Before Extra. Items,Net Income,Income Available to Com Excl ExtraOrd,Income Available to Com Incl ExtraOrd,Diluted Net Income,Diluted Weighted Average Shares,Diluted EPS Excluding ExtraOrd Items,DPS - Common Stock Primary Issue,Diluted Normalised EPS,Period Ended,Source,Cash,Short Term Investments,Cash and Short Term Investments,"Accounts Receivable - Trade, Net","Total Receivables, Net",Prepaid Expenses,"Other Current Assets, Total",Total Current Assets,"Property/Plant/Equipment, Total - Gross","Accumulated Depreciation, Total","Property/Plant/Equipment, Total - Net","Goodwill, Net","Intangibles, Net",Long Term Investments,Total Assets,Accounts Payable,Accrued Expenses,Notes Payable/Short Term Debt,"Other Current liabilities, Total",Total Current Liabilities,Total Long Term Debt,Total Debt,Deferred Income Tax,"Other Liabilities, Total",Total Liabilities,"Common Stock, Total",Retained Earnings (Accumulated Deficit),Treasury Stock - Common,Unrealised Gain (Loss),"Other Equity, Total",Total Equity,Total Liabilities & Shareholders' Equity,Total Common Shares Outstanding,"Tangible Book Value per Share, Common Eq",Period Ended,Source,Net Income/Starting Line,Depreciation/Depletion,Non-Cash Items,Cash Taxes Paid,Changes in Working Capital,Cash from Operating Activities,Capital Expenditures,"Other Investing Cash Flow Items, Total",Cash from Investing Activities,Total Cash Dividends Paid,"Issuance (Retirement) of Stock, Net",Cash from Financing Activities,Foreign Exchange Effects,Net Change in Cash,Period Ended,Return on Assets (ROA),Return on Equity (ROE),Operating Margin,Net Profit Margin,Asset Turnover,Current Ratio,Quick Ratio,Debt / Equity
Aoxin Q & M,2015,31-Dec-15,12 Months,PROSPECTUS,46.45,46.45,21.1,3.89,-,7.47,37.75,8.7,-,-,8.7,3.93,4.78,0.54,9.64,0.54,9.64,9.64,355.82,0,-,0,31-Dec-15,PROSPECTUS,-,-,14.39,46.96,46.96,-,191.07,253.95,-,-,35.15,-,87.34,-,376.99,177.44,-,0,110.65,288.09,0,0,1.13,-,359.62,0.53,16.85,-,-,-,17.37,376.99,355.82,-0.2,31-Dec-15,PROSPECTUS,8.7,3.89,2.34,3.32,-1.63,13.3,-6.78,-36.62,-43.4,-,-,34.25,-,4.15,31-Dec-15,-,-,0.187,0.103,-,0.881,0.876,-
Aoxin Q & M,2016,31-Dec-16,12 Months,ARS,86.86,86.86,29.14,4.94,3.32,9.02,73.13,13.74,-,-,13.74,6.03,7.71,1.24,9.32,1.24,9.32,9.32,355.82,0,-,0,31-Dec-16,ARS,-,-,34.92,16.05,16.05,-,13.98,71.73,-,-,36.78,-,99.8,-,208.79,111.13,-,0,1.15,112.27,0,0,1.66,-,129.52,44.31,34.96,-,-,-,79.28,208.79,355.82,-0.06,31-Dec-16,ARS,13.74,4.94,0.74,6.6,-8.3,11.12,-6.13,-1.44,-7.57,-4,-,16.97,-,20.53,31-Dec-16,0.026,0.026,0.158,0.089,0.297,0.639,0.578,-
Aoxin Q & M,2017,31-Dec-17,12 Months,ARS,100.67,100.67,37.69,5.52,5.82,9.82,92.19,8.48,-,-,8.48,3.61,4.88,4.88,5.01,4.88,5.01,5.01,326.51,0.01,0.01,0.03,31-Dec-17,ARS,-,-,95.27,10.4,10.4,-,2.49,115.48,-,-,36.14,-,116.26,-,268.28,29.73,-,0,0.18,29.92,0,0,1.76,-,31.67,284.74,-48.14,-,-,-,236.61,268.28,372.16,0.32,31-Dec-17,ARS,8.48,5.52,4.79,5.3,-6.68,12.12,-4.41,-4.99,-9.4,0,-,57.63,-,60.35,31-Dec-17,0.02,0.031,0.084,0.048,0.422,3.86,3.615,-
Aoxin Q & M,2018,31-Dec-18,12 Months,ARS,119.11,119.11,54.15,8.21,0.27,15.67,118.28,0.83,-,-0.43,0.4,0.85,-0.45,-0.45,-0.45,-0.45,-0.45,-0.45,380.05,0,0,0,31-Dec-18,ARS,-,-,50.32,19.59,21.7,-,5.96,87.56,-,-,62.44,-,115.37,-,265.77,17.28,-,0,0,18.22,0,0.94,1.54,-,19.76,295.36,-49.34,-,-,-,246.02,265.77,381.58,0.34,31-Dec-18,ARS,0.4,8.21,1.45,3.37,-12.73,-2.67,-33.89,-18,-51.88,-3.66,-,7.89,1.72,-44.95,31-Dec-18,-0.002,-0.002,0.007,-0.004,0.446,4.805,4.28,0.004
Aoxin Q & M,2019,31-Dec-19,12 Months,ARS,141.11,141.11,61.02,17.67,0.35,15.61,151.25,-10.14,-,-1.19,-11.34,2.18,-13.51,-13.52,-13.52,-13.52,-13.52,-13.52,381.58,-0.04,-,-0.03,31-Dec-19,ARS,-,-,26.96,21.55,23.31,-,1.64,62.69,-,-,113.32,-,132.23,-,308.6,24.59,-,0,4.37,35.48,37.61,44.13,1.33,-,74.43,295.36,-61.18,-,-,-,234.18,308.6,381.58,0.27,31-Dec-19,ARS,-11.34,16.85,5.48,1.95,-1.58,10.23,-15.33,-15.16,-30.49,0,-,-3.81,0.7,-23.36,31-Dec-19,-0.047,-0.056,-0.072,-0.096,0.491,1.767,1.463,0.188
Alliance HC,2016,30-Jun-16,12 Months,PROSPECTUS,25.85,25.85,13.89,1.18,-,9.79,24.95,0.9,-,-,0.9,0.07,0.83,0.51,0.51,0.51,0.51,0.51,175.89,0,-,0,30-Jun-16,PROSPECTUS,-,-,5.65,6.3,6.3,-,0.46,13.43,-,-,5.65,-,1.42,-,20.53,13.91,-,0,0.16,17.18,0.94,4.05,0.01,-,18.04,1.95,0.55,-,-,-,2.5,20.53,175.89,0.01,30-Jun-16,PROSPECTUS,0.9,1.18,0.11,-,0.21,2.4,-0.7,0.17,-0.53,-,-,-1.7,-,0.17,30-Jun-16,-,-,0.035,0.032,-,0.782,0.722,1.619
Alliance HC,2017,30-Jun-17,12 Months,PROSPECTUS,29.44,29.44,14.61,1.18,-,11.67,27.57,1.87,-,-,1.87,0.12,1.74,1.35,1.35,1.35,1.35,1.35,175.89,0.01,-,0.01,30-Jun-17,PROSPECTUS,-,-,5.81,8.99,8.99,-,0.44,16.2,-,-,5.28,-,1.42,-,22.91,15.15,-,0,0.27,18.27,0.84,3.7,0.01,-,19.22,1.95,1.74,-,-,-,3.69,22.91,175.89,0.01,30-Jun-17,PROSPECTUS,1.87,1.18,0.13,-,-0.86,2.32,-0.82,0,-0.82,-,-,-1.34,-,0.16,30-Jun-17,0.08,0.434,0.063,0.059,1.355,0.887,0.834,1.002
Alliance HC,2018,30-Jun-18,12 Months,PROSPECTUS,33.82,33.82,15.71,1,-,13.58,30.4,3.42,-,-,3.42,-0.06,3.48,3.08,3.08,3.08,3.08,3.08,175.89,0.02,-,0.02,30-Jun-18,PROSPECTUS,-,-,8.83,8.15,8.15,-,0.79,18.98,-,-,4.95,-,2.73,-,26.93,15.32,-,0,0.37,16.84,3.06,4.21,0.05,-,20.16,1.95,4.82,-,-,-,6.77,26.93,175.89,0.02,30-Jun-18,PROSPECTUS,3.42,0.99,0.15,-,1.04,5.6,-0.67,-1.42,-2.08,-,-,-0.5,-,3.03,30-Jun-18,0.14,0.589,0.101,0.103,1.357,1.127,1.056,0.623
Alliance HC,2019,30-Jun-19,12 Months,ARS,36.51,36.51,18.61,0.84,-,15.68,35.26,1.25,-,-,1.25,0.48,0.77,0.32,0.32,0.32,0.32,0.32,164.57,0,-,0,30-Jun-19,ARS,-,-,14.29,9.88,9.88,-,0.63,26.23,-,-,6.45,-,2.7,-,35.48,13.51,-,0,0.46,15.12,4.01,5.16,0.02,-,18.79,14.68,2,-,-,-,16.69,35.48,207.89,0.07,30-Jun-19,ARS,1.25,0.81,0.2,-,0.65,2.94,-2.38,0.01,-2.37,-,6.4,4.89,-,5.46,30-Jun-19,0.025,0.027,0.034,0.021,1.17,1.735,1.64,0.309
AsiaMedic,2015,31-Dec-15,12 Months,ARS,20.2,20.2,14.31,1.56,2.17,1.71,22.07,-1.87,-,-,-1.87,-0.14,-1.73,-1.78,-1.78,-1.78,-1.78,-1.78,357.71,0,-,0,31-Dec-15,ARS,-,-,5.64,1.39,2.26,0.14,0,8.34,-,-,8.67,2.12,0.03,1.55,21.08,1.04,-,0,2.95,5.85,3,4.87,0.05,-,8.9,21.95,-9.76,0,-,-,12.18,21.08,361.22,0.03,31-Dec-15,ARS,-1.87,1.56,2.03,0,0.08,1.81,-0.32,0.52,0.2,-,-,-2.62,-,-0.62,31-Dec-15,-,-,-0.093,-0.086,-,1.426,1.375,0.4
AsiaMedic,2016,31-Dec-16,12 Months,ARS,20.57,20.57,16.53,1.6,0.49,1.88,22.6,-2.03,-,-,-2.03,-0.4,-1.63,-1.63,-1.63,-1.63,-1.63,-1.63,413.1,0,-,0,31-Dec-16,ARS,-,-,6.91,0.94,1.76,0.15,0.45,9.58,-,-,7.69,1.52,0.02,1.66,21.21,1.1,-,0,3.71,6.28,1.52,3,0.02,-,7.83,24.76,-11.38,0,-,-,13.38,21.21,416.1,0.03,31-Dec-16,ARS,-2.03,1.6,0.51,0,1.08,1.18,-0.61,0.35,-0.26,-,2.81,0.53,-,1.45,31-Dec-16,-0.077,-0.127,-0.099,-0.079,0.973,1.525,1.476,0.224
AsiaMedic,2017,31-Dec-17,12 Months,ARS,19.02,19.02,15.73,1.5,1.5,2.65,23.24,-4.23,-,-,-4.23,0,-4.23,-4.23,-4.23,-4.23,-4.23,-4.23,416.2,-0.01,-,-0.01,31-Dec-17,ARS,-,-,3.18,1.08,1.84,0.16,0.93,6.4,-,-,5.41,1.52,0,1.71,15.79,1.61,-,0,3.25,5.68,0.71,1.52,0.02,0.24,6.65,24.76,-15.62,0,-,-,9.14,15.79,416.1,0.02,31-Dec-17,ARS,-4.23,1.49,1.8,0,-0.22,-1.15,-0.34,-0.2,-0.55,-,-,-2.04,-,-3.73,31-Dec-17,-0.228,-0.375,-0.222,-0.222,1.028,1.128,1.076,0.167
AsiaMedic,2018,31-Dec-18,12 Months,ARS,18.83,18.83,16.07,1.16,1.7,2.26,23.27,-4.44,0.4,-,-4.04,0.73,-4.77,-4.77,-4.77,-4.77,-4.77,-4.77,416.2,-0.01,-,-0.01,31-Dec-18,ARS,-,-,2.95,1.65,2.32,0.27,0.71,6.5,-,-,3.98,0.52,0,1.84,12.99,1.17,-,0,3.17,4.96,3.09,3.71,0.02,0.55,8.62,24.76,-20.38,0,-,-,4.38,12.99,416.1,0.01,31-Dec-18,ARS,-4.04,1.15,1.73,0,-0.85,-2.01,-0.79,0.27,-0.52,-,-,2.3,-,-0.23,31-Dec-18,-0.332,-0.707,-0.236,-0.254,1.309,1.311,1.263,0.847
AsiaMedic,2019,31-Dec-19,12 Months,ARS,18.99,18.99,13.59,2.5,0,1.91,20.14,-1.15,0.56,-,-0.59,0,-0.59,-0.59,-0.59,-0.59,-0.59,-0.59,417.87,0,-,0,31-Dec-19,ARS,-,-,2.89,2.89,3.37,0.33,0.86,7.71,-,-,8.81,0.52,-,2.01,19.17,1.29,-,0,2.95,5.75,9.03,10.54,0.02,0.55,15.36,24.76,-20.94,0,-,-,3.81,19.17,416.09,0.01,31-Dec-19,ARS,-0.59,2.5,-0.08,-,-1.73,0.09,-0.17,0.4,0.23,-,-,-0.38,-,-0.06,31-Dec-19,-0.037,-0.144,-0.06,-0.031,1.181,1.341,1.294,2.764
Asian Healthcare,2015,30-Sep-15,12 Months,PROSPECTUS,6.95,6.95,0.33,0.09,-,0.65,6.43,0.52,-,-,0.52,0.04,0.48,0.48,0.48,0.48,0.48,0.48,290,0,-,0,30-Sep-15,PROSPECTUS,-,-,0.85,2.44,2.44,-,-,3.29,-,-,0.28,-,-,-,3.57,-,-,0,0.04,3.13,0,0,0.01,-,3.14,2.43,-2,-,-,-,0.43,3.57,290,0,30-Sep-15,PROSPECTUS,0.52,0.09,-,0.01,0.96,1.57,-0.27,-,-0.27,-,-,-1.2,-,0.1,30-Sep-15,-,-,0.075,0.069,-,1.051,1.051,-
Asian Healthcare,2016,30-Sep-16,12 Months,PROSPECTUS,10.85,10.85,0.55,0.13,-,1.18,8.67,2.18,-,-,2.18,0.16,2.02,2.02,2.02,2.02,2.02,2.02,290,0.01,-,0.01,30-Sep-16,PROSPECTUS,-,-,1.2,2.65,2.65,-,-,3.85,-,-,0.15,-,-,-,4,-,-,0,0.15,2.57,0,0,0.01,-,2.58,2.43,-1.02,-,-,-,1.41,4,290,0,30-Sep-16,PROSPECTUS,2.18,0.13,-,0.04,-1.31,0.99,0,-,0,-,-,-0.65,-,0.35,30-Sep-16,0.534,2.188,0.201,0.186,2.868,1.497,1.497,-
Asian Healthcare,2017,30-Sep-17,12 Months,PROSPECTUS,11.02,11.02,0.69,0.11,-,1.07,10.55,0.47,-,-,0.47,0.03,0.44,0.44,0.44,0.44,0.44,0.44,290,0,-,0,30-Sep-17,PROSPECTUS,-,-,2.14,1.6,1.6,-,-,3.74,-,-,0.06,-,-,-,3.81,-,-,0,0.12,1.94,0,0,0.01,-,1.95,2.43,-0.58,-,-,-,1.85,3.81,290,0.01,30-Sep-17,PROSPECTUS,0.47,0.11,-,0.06,0.58,1.16,-0.03,-,-0.03,-,-,-0.19,-,0.94,30-Sep-17,0.112,0.268,0.043,0.04,2.823,1.926,1.926,-
Asian Healthcare,2018,30-Sep-18,12 Months,ARS,10.86,10.86,3.67,0.05,-,2.32,7.93,2.94,0,-,2.94,0.48,2.45,2.45,2.45,2.45,2.45,2.45,264.3,0.01,0.01,0.01,30-Sep-18,ARS,-,-,13.02,1.6,1.6,-,-,14.62,-,-,0.02,0,-,-,14.65,-,-,0,0.52,1.43,0,0,0.01,0,1.44,12.72,0.49,-,-,-,13.21,14.65,290,0.05,30-Sep-18,ARS,2.94,0.05,-0.03,0.08,-0.38,2.57,-0.01,0,-0.01,-1.38,10.79,8.32,-,10.88,30-Sep-18,0.266,0.326,0.27,0.226,1.177,10.247,10.247,-
Asian Healthcare,2019,30-Sep-19,12 Months,ARS,12.21,12.21,4.86,0.04,-,2,8.68,3.53,-0.16,-,3.37,0.5,2.87,2.87,2.87,2.87,2.87,2.87,320.09,0.01,0.01,0.01,30-Sep-19,ARS,-,-,17.02,2.4,2.4,-,-,19.43,-,-,0.08,10.14,-,-,29.66,-,-,0,0.65,1.71,0,0,0.01,4.58,6.3,22.05,1.31,-,-,-,23.36,29.66,325.89,0.04,30-Sep-19,ARS,3.37,0.04,-0.01,0.5,-0.77,2.62,-0.08,-0.89,-0.97,-2.61,0,2.35,-,4,30-Sep-19,0.129,0.157,0.289,0.235,0.551,11.348,11.348,-
Biolidics,2015,31-Dec-15,12 Months,PROSPECTUS,0.8,0.8,0.42,0.47,0.12,2.7,7.57,-6.77,-1.26,-,-8.03,0,-8.03,-8.03,-8.03,-8.03,-8.03,-8.03,44.24,-0.18,-,-0.18,31-Dec-15,PROSPECTUS,-,-,3.41,0.18,0.4,-,-,4.22,-,-,0.83,-,0.33,-,5.38,0.21,-,0,6.1,6.32,0,0,-,9.09,15.4,10.24,-20.26,-,-,0,-10.02,5.38,242.5,-0.04,31-Dec-15,PROSPECTUS,-8.03,0.44,3.85,-,0.45,-3.26,-0.8,0,-0.8,-,0,3.5,0,-0.56,31-Dec-15,-,-,-8.425,-9.991,-,0.668,0.602,-
Biolidics,2016,31-Dec-16,12 Months,PROSPECTUS,1.94,1.94,0.51,0.5,-0.08,2.35,7.35,-5.4,-1.46,-,-6.87,0,-6.87,-6.87,-6.87,-6.87,-6.87,-6.87,50.21,-0.14,-,-0.14,31-Dec-16,ARS,-,-,1.03,0.7,1.08,-,-,2.53,-,-,0.68,-,0.51,-,3.73,0.22,-,0,3.83,4.05,5.85,5.85,-,10.55,20.45,10.24,-26.96,-,-,-0.01,-16.72,3.73,242.5,-0.07,31-Dec-16,PROSPECTUS,-6.87,0.49,2.83,-,-0.4,-3.93,-0.57,0.11,-0.46,-,0,2.02,-0.01,-2.38,31-Dec-16,-1.507,-,-2.783,-3.535,0.426,0.625,0.523,-
Biolidics,2017,31-Dec-17,12 Months,ARS,2.08,2.08,1.67,0.5,-0.01,2.44,8.12,-6.03,-1.18,-,-7.21,0,-7.21,-7.21,-7.21,-7.21,-7.21,-7.21,50.21,-0.14,-,-0.14,31-Dec-17,PROSPECTUS,-,-,2.45,0.29,0.65,-,-,4.08,-,-,0.5,-,0.62,-,5.21,0.81,-,0,10.19,11,6.32,6.32,-,11.73,29.05,10.24,-34.1,-,-,0.01,-23.85,5.21,242.5,-0.1,31-Dec-17,ARS,-7.21,0.48,3.15,-,-0.16,-3.72,-0.44,0,-0.44,-,0,5.56,0.02,1.42,31-Dec-17,-1.615,-,-2.896,-3.462,0.467,0.371,0.282,-
Biolidics,2018,31-Dec-18,12 Months,ARS,1.27,1.27,1.33,0.39,0.19,3.26,6.94,-5.68,-0.58,-,-6.25,0,-6.25,-6.25,-6.25,-6.25,-6.25,-6.25,126.17,-0.05,-,-0.05,31-Dec-18,ARS,-,-,11.5,0.45,0.99,-,-,13.26,-,-,0.35,-,0.58,-,14.19,0.31,-,0,1.22,1.53,0,0,-,0.1,1.63,53.8,-41.24,-,-,0,12.56,14.19,242.5,0.05,31-Dec-18,ARS,-6.25,0.36,1.1,-,0.07,-4.69,-0.21,0,-0.21,-,-0.01,13.94,0,9.04,31-Dec-18,-0.645,-,-4.477,-4.931,0.131,8.653,8.147,-
Biolidics,2019,31-Dec-19,12 Months,ARS,1.44,1.44,1.51,0.64,0.11,2.28,6.24,-4.8,-0.01,-,-4.81,0,-4.81,-4.81,-4.81,-4.81,-4.81,-4.81,242.5,-0.02,-,-0.02,31-Dec-19,ARS,-,-,6.03,0.22,0.4,0.39,-,7.72,-,-,1.34,-,0.57,-,9.62,0.52,-,0,0.76,1.42,0.4,0.54,-,0.04,1.86,53.8,-46.05,-,-,0.02,7.77,9.62,242.5,0.03,31-Dec-19,ARS,-4.81,0.59,0.07,-,-0.46,-4.56,-0.69,0.02,-0.67,-,0,-0.26,0.02,-5.47,31-Dec-19,-0.404,-0.473,-3.34,-3.345,0.121,5.439,4.802,0.069
Clearbridge,2015,31-Dec-15,12 Months,PROSPECTUS,0.13,0.13,2.23,0.04,0,1.12,-6.2,6.33,-0.26,-,6.07,1.53,4.53,4.72,4.72,4.72,4.72,4.72,393,0.01,0,0.01,31-Dec-15,PROSPECTUS,-,2.04,4.73,0,0.08,0.01,0.01,4.84,0.15,-0.1,0.05,0.06,1.38,28.47,39.86,0,0.44,0,2.21,2.65,0.5,0.5,4.01,0.01,7.42,19.49,13.06,-,-,-0.12,32.44,39.86,393,0.08,31-Dec-15,PROSPECTUS,6.07,0.03,-9.35,0,0.36,-2.88,-1.34,-2,-3.34,-,6.33,7.5,0,1.28,31-Dec-15,-,-,49.273,35.315,-,1.825,1.825,0.015
Clearbridge,2016,31-Dec-16,12 Months,PROSPECTUS,0.12,0.12,3.78,0.1,0.6,2.75,2.14,-2.02,-0.19,-,-2.21,0.74,-2.94,-1.95,-1.95,-1.95,-1.95,-1.95,393,0,-,0,31-Dec-16,PROSPECTUS,-,0,4.31,0.02,0.58,0.01,0,4.9,0.18,-0.13,0.05,0,0.1,35.19,46.67,0.07,0.46,0,3.76,4.29,0,0,4.75,0,8.19,28.5,10.22,-,-,-0.23,38.48,46.67,393,0.1,31-Dec-16,PROSPECTUS,-2.21,0.04,-4.49,0,0.84,-5.75,-1.77,-1.42,-3.19,-,9.22,10.59,-0.03,1.61,31-Dec-16,-0.068,-0.055,-16.389,-23.937,0.003,1.142,1.142,-
Clearbridge,2017,31-Dec-17,12 Months,ARS,0.29,0.29,3.5,0.11,0,4.82,10.94,-10.66,-0.25,-,-10.91,-2.98,-7.93,-7.47,-7.47,-7.47,-7.47,-7.47,320.38,-0.02,-,-0.02,31-Dec-17,Interim Report,-,3.54,31.28,0.07,0.48,0.28,0.54,32.64,2.69,-0.1,2.6,11,0.11,16.54,68.79,0.18,0.85,0,4.69,5.73,1.63,1.64,1.79,0,7.85,73.9,-12.87,-,-,-0.09,60.94,68.79,481,0.1,31-Dec-17,ARS,-10.91,0.09,4.1,0,-0.07,-6.77,-2.66,10.72,8.06,-,24.64,22.09,0.05,23.43,31-Dec-17,-0.137,-0.15,-37,-27.517,0.005,5.695,5.684,0.027
Clearbridge,2018,31-Dec-18,12 Months,ARS,6.14,6.14,7.42,1.1,2.22,3.22,24.53,-18.4,-0.33,-,-18.73,0.16,-18.89,-18.45,-18.45,-18.45,-18.45,-18.45,487.13,-0.04,-,-0.03,31-Dec-18,ARS,-,0,7.77,2.05,5.3,0.77,0.44,14.7,7.64,-1.01,6.63,22.3,0.27,15.09,62.76,1.01,0.6,0,7.14,9.22,2.42,2.89,1.82,1.77,15.09,77.67,-30.84,-,1.11,-0.26,47.68,62.76,489.31,0.05,31-Dec-18,ARS,-18.73,1.02,9.16,0.04,-1.74,-10.21,-1.68,-8.57,-10.25,-,0,0.71,-0.22,-19.97,31-Dec-18,-0.287,-0.34,-2.999,-3.078,0.093,1.594,1.55,0.061
Clearbridge,2019,31-Dec-19,12 Months,ARS,21.53,21.53,8.7,3.2,1.42,1.96,31.03,-9.49,-1.94,-,-11.43,0.12,-11.54,-10.51,-10.51,-10.51,-10.51,-10.51,522.07,-0.02,-,-0.02,31-Dec-19,ARS,-,-,13.56,10.75,14.39,0.53,-,30.24,-,-,13.78,32.11,1.14,16.59,96.92,4.44,-,0,14.11,24.2,17.77,23.41,1.82,3.75,46.63,88.95,-39.64,-,1.11,-0.13,50.29,96.92,580.98,0.03,31-Dec-19,ARS,-11.43,3.11,4.86,0.05,-5.27,-8.64,-1.73,-13.62,-15.35,-,11.28,26.26,0.04,2.32,31-Dec-19,-0.145,-0.215,-0.441,-0.536,0.27,1.25,1.177,0.465
Cordlife,2015,30-Jun-15,12 Months,ARS,57.58,57.58,34.91,-,2.65,-0.72,54.12,3.46,29.81,-,33.27,1.14,32.13,32.46,32.46,32.46,32.46,32.46,260.34,0.12,0.02,0.13,30-Jun-15,ARS,-,13.49,29.23,15.26,18.51,1.7,1.28,51.57,14.9,-5.34,9.56,-,2.55,78.2,332.96,2.86,5.61,3.5,8.22,21.18,124.82,129.3,0.09,24.93,170.56,96.66,77.7,-9.9,-,-2.05,162.41,332.96,259.3,0.62,30-Jun-15,ARS,33.27,1.46,-27.05,1.66,-11.35,-3.44,-2.79,-112.33,-115.12,-5.19,-6,101.69,-0.02,-16.91,30-Jun-15,-,-,0.06,0.558,-,2.435,2.395,0.796
Cordlife,2016,30-Jun-16,12 Months,ARS,59.63,59.63,38.78,-,-3.42,-0.98,53.28,6.35,11.43,-4.43,13.34,0.76,12.58,12.33,12.33,12.33,12.33,12.33,259.77,0.05,0.01,0.04,30-Jun-16,ARS,-,68.37,138.07,21.01,22.68,1.72,0.67,164.2,22.07,-8.78,13.29,8.01,6.68,13.35,270.57,3.86,4.52,1.06,21.23,32.8,76.15,79.33,4.07,24.8,139.88,96.67,51.94,-9.83,-,-8.09,130.69,270.57,259.36,0.45,30-Jun-16,ARS,13.34,1.78,-14.71,1.26,-5.5,-4.35,-5.41,174,168.59,-36.3,-,-110.39,0.11,53.96,30-Jun-16,0.042,0.084,0.106,0.211,0.198,5.007,4.974,0.607
Cordlife,2017,30-Jun-17,12 Months,ARS,59.96,59.96,39.16,-,0,-1.15,57.79,2.18,-1.95,-2.15,-1.92,0.68,-2.6,-2.57,-2.57,-2.57,-2.57,-2.57,259.37,-0.01,0.01,-0.01,30-Jun-17,ARS,-,34.04,60.57,24.46,26.08,1.76,0.74,90.42,23.57,-10.51,13.06,7.7,5.82,14.43,198.73,3.02,3.57,1.27,22.2,32.18,6.61,10,3.89,30.72,73.57,96.67,41.82,-9.77,-,-3.56,125.16,198.73,252.45,0.44,30-Jun-17,ARS,-1.92,1.84,2.79,0.35,0.02,4.03,-1.67,32.18,30.51,0,-,-78.21,0.49,-43.17,30-Jun-17,-0.011,-0.02,0.036,-0.043,0.256,2.81,2.77,0.08
Cordlife,2018,31-Dec-18,18 Months,ARS,105.01,105.01,66.37,-,-0.02,-0.81,97.14,7.86,0.32,0,8.18,2.68,5.5,5.53,5.53,5.53,5.53,5.53,254.29,0.02,0.01,0.02,31-Dec-18,ARS,-,32.36,43.27,28.97,36.83,2.7,0.72,84.87,29.37,-16.65,12.72,27.88,6.38,14.9,214.48,3.06,5.3,0,25.54,35.27,4.31,4.61,7.07,46.5,93.28,96.38,44.21,-15.47,-,-3.92,121.2,214.48,253.3,0.34,31-Dec-18,ARS,8.18,2.67,1.05,1.85,-3.52,10.21,-2.8,-6.45,-9.25,-3.28,-6.68,-16.62,0.05,-15.62,31-Dec-18,0.027,0.045,0.075,0.052,0.508,2.406,2.368,0.038
Cordlife,2019,31-Dec-19,12 Months,ARS,61.58,61.58,43.13,-,0.02,-0.51,54.07,7.51,0.62,-,8.13,1.66,6.46,6.47,6.47,6.47,6.47,6.47,254.63,0.03,0.01,0.03,31-Dec-19,ARS,-,22.9,37.69,24.04,30.15,2.13,10.82,82.13,35.58,-19.48,16.09,27.74,5.68,22.73,224.27,3.26,6.33,0,14.04,25.07,5.35,6.79,5.21,59.37,95.12,95.99,51.62,-14.7,-,-3.77,129.15,224.27,254.01,0.38,31-Dec-19,ARS,8.13,3.06,-9.69,3.52,8.89,11.61,-2.06,6.91,4.85,-1.01,-,-12.14,-0.45,3.87,31-Dec-19,0.029,0.052,0.122,0.105,0.281,3.276,3.223,0.053
Haw Par,2015,31-Dec-15,12 Months,ARS,178.83,178.83,52.97,-,4.6,-1.84,39.58,139.26,54.41,-,193.67,10.39,183.28,183.28,183.28,183.28,183.28,183.28,218.97,0.84,0.2,0.86,31-Dec-15,ARS,22.86,670.86,693.73,23.98,32.39,-,1.52,740.01,102.79,-78.38,24.41,11.12,-,"1,915.72","2,692.42",4.24,-,43.55,61.42,109.21,0,43.55,48.09,-,157.3,249.9,"1,052.92",-,"1,245.75",-13.44,"2,535.12","2,692.42",219.13,11.52,31-Dec-15,ARS,193.67,5.34,-138.14,9.23,63.2,124.06,-0.99,27.22,26.23,-43.82,1.17,-58.49,-0.66,91.15,31-Dec-15,-,-,0.779,1.025,-,6.776,6.663,0.017
Haw Par,2016,31-Dec-16,12 Months,ARS,201.64,201.64,53.4,-,-,-3.18,64.63,137.02,1.83,-,138.85,13.81,125.04,125.04,125.04,125.04,125.04,125.04,219.31,0.57,0.2,0.57,31-Dec-16,ARS,25.25,287.35,312.6,27.58,33.81,-,0.42,358.35,56.74,-33.29,23.45,11.12,-,"2,092.10","2,485.55",4.32,-,45.8,59.65,109.77,0,45.8,50.83,-,160.6,251.36,930.01,-,"1,143.58",0,"2,324.95","2,485.55",219.33,10.55,31-Dec-16,ARS,138.85,3.1,-64.08,12.5,13.66,91.54,-2.8,-7.56,-10.36,-85.51,1.46,-83.29,0.51,-1.61,31-Dec-16,0.048,0.051,0.679,0.62,0.078,3.264,3.16,0.02
Haw Par,2017,31-Dec-17,12 Months,ARS,222.76,222.76,68.04,-,-,-2.09,85.86,136.91,0.94,-,137.84,15.38,122.46,122.46,122.46,122.46,122.46,122.46,220.17,0.56,0.2,0.56,31-Dec-17,Interim Report,31.11,369.45,400.56,28.3,32.35,-,0.42,450.45,65.41,-36.85,28.56,11.12,-,"2,774.09","3,264.96",4.99,-,45.05,64.91,114.95,0,45.05,71.72,-,186.67,257.94,"1,030.45",-,"1,789.81",0.09,"3,078.29","3,264.96",220.14,13.93,31-Dec-17,ARS,137.84,5.91,-61.08,14.41,-13.99,68.69,-8.03,67.5,59.47,-43.99,6.58,-37.79,-2.41,87.97,31-Dec-17,0.043,0.045,0.615,0.55,0.077,3.919,3.77,0.015
Haw Par,2018,31-Dec-18,12 Months,ARS,237.81,237.81,62.48,-,-,-2.83,46.83,190.99,1.29,-,192.28,13.21,179.07,179.07,179.07,179.07,179.07,179.07,220.87,0.81,0.3,0.81,31-Dec-18,ARS,25.46,493.97,519.43,35.09,40.88,-,0.2,584.99,67.21,-40.22,26.98,11.12,-,"2,405.28","3,030.45",5.74,-,23.25,72.7,101.69,0,23.25,0.73,-,102.42,264.17,"1,177.66",-,"1,486.48",-0.28,"2,928.03","3,030.45",220.84,13.21,31-Dec-18,ARS,192.28,6.31,-107.39,14.6,-21.65,69.55,-3.36,123.77,120.41,-55.18,6.23,-72.09,0.99,118.87,31-Dec-18,0.057,0.06,0.803,0.753,0.076,5.752,5.512,0.008
Haw Par,2019,31-Dec-19,12 Months,ARS,243.99,243.99,60.52,-,-,-1.65,48.79,195.2,1.77,-,196.97,14.76,182.21,182.21,182.21,182.21,182.21,182.21,221.14,0.82,0.3,0.82,31-Dec-19,ARS,37.15,428.24,465.39,24.28,30.35,-,0.21,516.09,70.4,-43.59,26.81,11.12,-,"2,685.15","3,241.26",3.35,-,7.82,71.9,84.01,0,8.76,0.82,-,84.83,266.23,"1,109.80",-,"1,780.74",-0.33,"3,156.43","3,241.26",221.07,14.23,31-Dec-19,ARS,196.97,6.46,-116.3,15.17,-2.98,84.15,-2.97,133.55,130.58,-254.22,2.06,-268.7,-0.07,-54.04,31-Dec-19,0.058,0.06,0.8,0.747,0.078,6.143,5.904,0.003
HC Surgical,2016,31-May-16,12 Months,PROSPECTUS,7.91,7.91,2.34,0.21,0.43,0.35,4.36,3.54,-0.2,-,3.34,0.58,2.77,2.74,2.74,2.74,2.74,2.74,146.31,0.02,-,0.02,31-May-16,PROSPECTUS,4.63,1.2,5.83,0.62,0.66,0.03,0.09,6.66,1.38,-0.86,0.52,-,-,-,7.18,0.22,0.38,0,3.68,4.98,0,0.7,-,-,5.03,0.01,2.14,-,-,-,2.15,7.18,146.31,0.01,31-May-16,PROSPECTUS,3.34,0.21,0.23,0.42,-0.98,2.8,-0.19,-0.12,-0.31,-0.07,0.01,2.8,-,5.29,31-May-16,-,-,0.448,0.35,-,1.336,1.327,0.325
HC Surgical,2017,31-May-17,12 Months,ARS,9.48,9.48,3.33,0.2,-,3.14,7.74,1.74,-0.2,-,1.54,0.27,1.26,1.31,1.31,1.31,1.31,1.31,126.89,0.01,0.03,0.02,31-May-17,ARS,3.76,5,8.76,0.9,0.96,0.18,0.15,10.17,2.28,-0.84,1.44,3.39,0.03,0.54,15.57,0.08,0.77,0,0.71,1.56,0,0,0,0.09,1.74,13.01,0.82,0,-,-,13.83,15.57,147.33,0.07,31-May-17,ARS,1.54,0.19,0.29,0.49,-0.75,1.27,-1.1,-2.63,-3.73,-2.63,8.1,5.38,-,2.92,31-May-17,0.111,0.164,0.184,0.133,0.833,6.524,6.444,-
HC Surgical,2018,31-May-18,12 Months,ARS,16.02,16.02,6.61,0.36,0.15,1.48,10.49,5.53,0.53,-,6.07,0.55,5.51,4.46,4.46,4.46,4.46,4.46,149.21,0.03,0.02,0.03,31-May-18,Interim Report,4.99,0,4.99,1.46,1.57,0.21,0.14,7.13,2.54,-1.18,1.36,5.09,0.02,8.74,22.64,0.12,2.06,2.25,0.86,5.28,0,2.25,0.1,0.15,5.94,14.43,2.59,-0.32,-,-,16.7,22.64,149.18,0.08,31-May-18,ARS,6.07,0.35,-0.48,0.3,0.17,6.13,-0.26,-8.13,-8.39,-2.69,-,-1.51,-,-3.77,31-May-18,0.289,0.292,0.345,0.344,0.839,1.349,1.308,0.135
HC Surgical,2019,31-May-19,12 Months,ARS,18.32,18.32,7.53,0.43,0,1.09,11.05,7.27,2.17,-,9.44,1.02,8.43,7.21,7.21,7.21,7.21,7.21,149.04,0.05,0.02,0.05,31-May-19,ARS,4.35,0.68,5.03,1.85,2,0.19,0.15,7.67,2.36,-1.26,1.1,5.85,0.02,11.3,26.61,0.15,2.59,0.5,1.45,4.69,0,0.5,0.07,1.57,6.74,14.43,5.98,-0.54,-,-,19.87,26.61,148.81,0.09,31-May-19,ARS,9.44,0.42,-2.58,0.54,-0.53,6.77,-0.3,0.03,-0.27,-2.98,-,-6.46,-,0.04,31-May-19,0.342,0.394,0.397,0.46,0.744,1.637,1.571,0.025
HC Surgical,2020,31-May-20,12 Months,PRESS,16.72,16.72,6.13,1.32,-0.2,1.76,10.95,5.78,-0.95,-,4.82,0.78,4.04,3.5,3.5,3.5,3.5,3.5,149.93,0.02,0.02,0.02,31-May-20,PRESS,-,-,6.79,1.38,1.38,0.32,-,8.96,-,-,4.49,-,4.06,10.38,30.4,-,-,0,0.9,4.39,6.85,7.73,0.1,2.53,14.12,15.42,1.4,-0.54,-,-,16.28,30.4,150.57,0.08,31-May-20,PRESS,4.82,1.31,1.37,0.83,-1.04,6.47,-1.28,-2.56,-3.83,-3.74,-,-0.88,-,1.76,31-May-20,0.142,0.194,0.345,0.242,0.587,2.043,1.936,0.475
Healthway Med,2015,31-Dec-15,12 Months,ARS,94.27,94.27,71.9,1.64,-,-1.3,90.5,3.77,-1.08,-,2.7,1.01,1.68,1.68,1.68,1.68,1.68,1.68,"2,308.24",0,-,0,31-Dec-15,ARS,-,0,2.88,81.34,81.34,-,-,86.52,-,-,5.9,-,121.9,-,236.34,-,-,0,1.3,38.28,5.98,18.64,0,0.36,44.62,204.43,-9.66,-3.05,0,-,191.73,236.34,"2,308.24",0.03,31-Dec-15,ARS,2.7,1.34,3.17,0.3,3.32,10.82,-0.66,-9.93,-10.59,-,-,-0.22,-,0.01,31-Dec-15,-,-,0.04,0.018,-,2.26,2.201,0.097
Healthway Med,2016,31-Dec-16,12 Months,ARS,96.68,96.68,108.16,1.62,6.05,4.59,139.64,-42.96,-1.33,-,-44.29,-0.19,-44.11,-44.11,-44.11,-44.11,-44.11,-44.11,"2,353.08",-0.02,-,-0.02,31-Dec-16,ARS,-,-,2.78,67.29,67.46,-,-,72.51,-,-,5,-,115.79,-,194.49,-,-,0,0,39.11,3.15,13.85,0.03,0.29,42.58,208.21,-56.3,0,-,-,151.91,194.49,"2,460.23",0.01,31-Dec-16,ARS,-44.29,1.55,46.17,1.24,0.89,4.39,-0.35,-1.71,-2.06,-,4.63,-2.51,-,-0.18,31-Dec-16,-0.205,-0.257,-0.444,-0.456,0.449,1.854,1.796,0.091
Healthway Med,2017,31-Dec-17,12 Months,ARS,104.81,104.81,82.81,1.8,25,6.78,136.01,-31.2,-2.95,-,-34.15,0.64,-34.79,-34.79,-34.79,-34.79,-34.79,-34.79,"3,202.41",-0.01,-,-0.01,31-Dec-17,Interim Report,7.86,30.77,38.63,13.14,14.59,0.43,1.22,58.07,14.57,-6.26,8.31,109.62,32.41,-,210.8,6.18,10.17,0,4.8,21.99,0.5,1.35,1.3,0.66,24.44,277.43,-91.08,-,-,-,186.35,210.8,"4,528.79",0.01,31-Dec-17,ARS,-34.15,1.8,29.39,-0.1,-11.49,-14.46,-2.37,-1.08,-3.44,-,-,55.05,0,37.15,31-Dec-17,-0.172,-0.206,-0.298,-0.332,0.517,2.641,2.495,0.007
Healthway Med,2018,31-Dec-18,12 Months,ARS,112.67,112.67,86.08,2.06,0,8.78,118.22,-5.55,-0.38,-,-5.93,-0.12,-5.81,-5.81,-5.81,-5.81,-5.81,-5.81,"4,528.79",0,-,0,31-Dec-18,ARS,7.34,26.04,33.38,13.62,14.4,0.4,0.82,51.92,13.09,-5.77,7.32,109.92,32.63,-,204.3,6.54,11.24,0,3.35,21.52,0.08,0.47,1.18,0.97,23.74,277.43,-96.87,-,-,-,180.56,204.3,"4,528.79",0.01,31-Dec-18,ARS,-5.93,2.05,3.64,0.05,-1.61,-1.85,-3.13,0.66,-2.47,-,-,-0.94,0,-5.25,31-Dec-18,-0.028,-0.032,-0.049,-0.052,0.543,2.413,2.277,0.003
Healthway Med,2019,31-Dec-19,12 Months,ARS,114.25,114.25,76.09,10.89,-,7.18,116.06,-1.81,-1.17,-,-2.98,-0.04,-2.94,-2.94,-2.94,-2.94,-2.94,-2.94,"4,523.77",0,-,0,31-Dec-19,ARS,9.44,15.07,24.51,15.14,15.61,0.52,0.52,44.4,52.97,-25.91,27.07,112.01,32.88,1.97,220.94,7,10.2,0,2.69,28.71,12.52,21.33,1.18,1.46,43.86,277.43,-100.72,-0.44,-,0.8,177.07,220.94,"4,511.23",0.01,31-Dec-19,ARS,-2.98,10.89,2.3,0.01,-3.82,6.4,-5.29,-3.54,-8.83,-,-0.44,-6.49,0,-8.92,31-Dec-19,-0.014,-0.016,-0.016,-0.026,0.537,1.547,1.434,0.12
Hyphens Pharma,2015,31-Dec-15,12 Months,PROSPECTUS,78.28,78.28,18.73,-,0.03,0.37,72.26,6.02,-,-,6.02,0.96,5.06,5.06,5.06,5.06,5.06,5.06,240,0.02,-,0.02,31-Dec-15,PROSPECTUS,-,-,13.55,15.26,15.26,0.09,-,35.09,-,-,0.62,-,0.77,-,36.48,-,-,0.7,1,20.77,0.34,1.06,0.04,-,21.14,1.52,13.86,-,-,-0.05,15.34,36.48,240,0.06,31-Dec-15,PROSPECTUS,6.02,0.25,0.03,0.97,-0.01,6.31,-0.59,0,-0.59,-2.32,-,-2.06,-,3.66,31-Dec-15,-,-,0.077,0.065,-,1.69,1.392,0.069
Hyphens Pharma,2016,31-Dec-16,12 Months,PROSPECTUS,100.97,100.97,28.76,-,0.26,0.3,95.49,5.48,-,-,5.48,0.24,5.24,5.24,5.24,5.24,5.24,5.24,240,0.02,-,0.02,31-Dec-16,PROSPECTUS,-,-,12.62,20.17,20.17,0.25,-,42.07,-,-,0.85,-,9.47,-,52.81,-,-,2.6,0.74,29.44,3.14,7.23,0.62,-,33.2,1.52,18.1,-,-,-0.01,19.61,52.81,240,0.04,31-Dec-16,PROSPECTUS,5.48,0.37,0.61,1.05,-0.36,6.48,-0.52,-10.74,-11.26,-2,-,3.85,-,-0.93,31-Dec-16,0.117,0.3,0.054,0.052,2.261,1.429,1.122,0.369
Hyphens Pharma,2017,31-Dec-17,12 Months,ARS,112.65,112.65,28.87,-,0,0.73,105.49,7.16,-,-,7.16,1.07,6.09,6.09,6.09,6.09,6.09,6.09,240,0.03,-,0.03,31-Dec-17,PROSPECTUS,-,-,12.29,23.78,23.78,0.25,-,49.49,-,-,0.63,-,9.11,-,59.54,-,-,0.82,1.09,38.56,1.59,3.96,0.56,-,40.71,1.52,17.19,-,-,0.12,18.83,59.54,240,0.04,31-Dec-17,PROSPECTUS,7.16,0.34,0.33,0.68,-3.93,4.31,-0.17,0.01,-0.16,-1,-,-4.48,-,-0.33,31-Dec-17,0.108,0.317,0.064,0.054,2.005,1.283,0.942,0.21
Hyphens Pharma,2018,31-Dec-18,12 Months,ARS,120.93,120.93,32.16,-,1.05,0.47,113.93,7,-,-,7,1.59,5.41,5.41,5.41,5.41,5.41,5.41,300,0.02,0.01,0.02,31-Dec-18,ARS,-,-,22.35,29.83,29.83,0.49,-,63.54,-,-,3.46,-,7.76,-,74.98,-,-,0,1.48,35.32,0,3,0.5,-,35.82,32.56,21.59,-,-,-14.98,39.16,74.98,300,0.1,31-Dec-18,ARS,7,0.44,2.12,1.16,-2.41,7.54,-3.38,0.05,-3.32,-7,15.61,5.85,-,10.06,31-Dec-18,0.08,0.187,0.058,0.045,1.798,1.799,1.492,0.077
Hyphens Pharma,2019,31-Dec-19,12 Months,ARS,119.44,119.44,34.61,-,-,-0.07,111.46,7.99,-,-,7.99,1.46,6.53,6.53,6.53,6.53,6.53,6.53,300.27,0.02,0.01,0.02,31-Dec-19,ARS,-,-,26.17,28.65,28.65,0.37,-,66.62,-,-,5.95,-,7.46,-,80.13,-,-,0,2.52,33.14,2.44,2.44,0.47,-,36.06,32.64,11.44,-,-,-,44.08,80.13,300.43,0.12,31-Dec-19,ARS,7.99,1.6,-0.07,1.41,-0.47,9.45,-0.61,0.16,-0.45,-1.65,0,-5.19,-,3.81,31-Dec-19,0.084,0.157,0.067,0.055,1.54,2.01,1.665,0.055
IHH,2015,31-Dec-15,12 Months,ARS,"8,455.47","8,455.47","3,255.55",689.4,-,798.03,"6,926.22","1,529.25",-311.71,-,"1,217.54",165.44,"1,052.10",933.9,933.9,933.9,933.9,933.9,"8,223.50",0.11,0.03,0.11,31-Dec-15,ARS,950.23,"2,147.01","3,097.24","1,056.44","1,220.05",60.76,46.63,"4,650.60","15,624.36","-4,188.46","11,435.90","11,009.27","2,600.43","4,545.02","35,497.89",810.51,685.71,6,"1,366.34","3,236.48","6,322.53","6,696.45","1,101.49",600.69,"13,342.15","8,223.35","2,248.33",-,670.13,"2,862.93","22,155.74","35,497.89","8,223.35",1.04,31-Dec-15,ARS,"1,217.54",629.03,275.63,314.58,-196.82,"1,985.74","-1,361.39","-2,016.67","-3,378.06",-246.65,88.45,802,96.18,-494.13,31-Dec-15,-,-,0.181,0.124,-,1.437,1.367,0.302
IHH,2016,31-Dec-16,12 Months,ARS,"10,021.89","10,021.89","3,883.02",799.14,0.75,"1,268.13","8,632.85","1,389.04",-463.26,-48.16,877.62,269.63,607.99,612.35,612.35,612.35,612.35,612.35,"8,234.49",0.07,0.03,0.08,31-Dec-16,ARS,"1,639.23","1,155.62","2,794.86","1,116.60","1,288.13",173.29,61.02,"4,598.87","18,015.62","-4,875.09","13,140.53","11,076.00","2,489.64","4,392.15","37,187.96","1,000.39",729.63,11.35,"1,277.57","3,641.90","6,852.78","7,487.10","1,067.27","1,732.85","15,202.22","8,231.70","2,207.15",-,406.04,"2,955.68","21,985.74","37,187.96","8,231.70",1.02,31-Dec-16,ARS,877.62,744.01,607.42,203.86,-350.39,"1,933.78","-2,083.91",412.52,"-1,671.39",-246.94,98.75,153.75,41.13,457.27,31-Dec-16,0.017,0.028,0.139,0.061,0.276,1.263,1.185,0.341
IHH,2017,31-Dec-17,12 Months,ARS,"11,142.64","11,142.64","4,529.74",976.62,1.46,815.4,"9,337.84","1,804.80",-591.79,-48.55,"1,164.45",334.63,829.83,969.95,969.95,931.31,931.31,931.31,"8,240.63",0.11,0.03,0.11,31-Dec-17,ARS,"4,886.82",160.24,"6,238.84","1,274.15","1,405.53",100.48,56.9,"8,158.70","18,375.86","-5,234.23","13,141.62","10,692.20","2,278.44","3,272.60","38,925.48",988.93,907.45,0.07,"1,452.95","4,039.39","6,948.05","7,638.11","1,011.22","1,026.09","14,876.66","16,462.99","3,036.50",-,85.89,"4,463.44","24,048.83","38,925.48","8,239.58",1.34,31-Dec-17,ARS,"1,164.45",914.31,251.42,273.72,-131.79,"2,260.70","-1,498.38","1,334.03",-164.35,-247.17,78.42,"1,640.53",-82.41,"3,654.47",31-Dec-17,0.022,0.04,0.162,0.074,0.293,2.02,1.931,0.318
IHH,2018,31-Dec-18,12 Months,ARS,"11,520.93","11,520.93","4,538.08",935.44,3.72,"1,341.59","9,978.00","1,542.94",-752.11,-38.35,752.47,262.61,489.86,627.69,627.69,541.84,541.84,541.84,"8,292.11",0.07,0.03,0.07,31-Dec-18,ARS,"4,166.13",347.19,"8,110.58","1,699.01","1,834.33",88.26,71.16,"10,535.79","20,149.49","-6,026.19","14,123.30","11,829.20","2,256.88","4,411.05","45,020.85","1,428.00","1,134.45",81.22,"1,751.30","5,518.07","9,366.38","10,570.71",982.33,802.37,"20,868.91","19,427.59",417.31,-,85.89,"4,221.16","24,151.94","45,020.85","8,769.30",1.15,31-Dec-18,ARS,752.47,876.98,653.52,380.08,-477.17,"1,864.26","-1,046.73","-2,181.68","-3,228.41",-247.34,12.64,928.39,68.58,-367.18,31-Dec-18,0.012,0.022,0.134,0.043,0.274,1.909,1.831,0.438
IHH,2019,31-Dec-19,12 Months,ARS,"14,912.49","14,912.49","5,371.54","1,353.99",64.19,"1,874.27","13,171.59","1,740.89",-641.93,-56.24,"1,042.72",527.88,514.84,551.48,551.48,463.3,463.3,463.3,"8,774.63",0.05,0.04,0.07,31-Dec-19,ARS,"1,787.09",344.28,"5,058.95","1,849.51","1,963.57",102.95,66.33,"7,626.33","24,195.33","-6,263.00","17,932.32","12,574.67","2,081.27","3,859.93","45,053.29","1,348.55","1,020.91",121.81,"1,997.76","5,349.23","10,117.63","11,099.65","1,110.00",382.46,"20,555.59","19,455.14",841.49,-,83.43,"4,117.63","24,497.70","45,053.29","8,773.99",1.12,31-Dec-19,ARS,"1,042.72","1,289.86","1,148.65",575.45,"-1,099.38","2,447.49","-1,055.56","-1,538.62","-2,594.18",-263.22,101.58,"-2,915.14",-7.27,"-3,069.10",31-Dec-19,0.011,0.019,0.117,0.035,0.331,1.426,1.344,0.453
ISEC,2015,31-Dec-15,12 Months,ARS,26.69,26.69,6.56,0.93,0.64,-0.11,22.71,3.98,-,-,3.98,1.24,2.74,2.76,2.76,2.76,2.76,2.76,460.52,0.01,0,0.01,31-Dec-15,ARS,-,-,24.92,1.61,1.64,0.11,0.26,27.92,8.06,-4.42,3.64,20.33,4.83,-,56.76,1.4,1.51,0,0.96,3.88,0,0,0.84,0.11,4.76,51.46,1.79,-,-,-1.25,52,56.76,489.21,0.05,31-Dec-15,ARS,3.98,0.8,0.42,1.94,-0.98,4.8,-0.85,-4.27,-5.12,-1.51,0,-1.38,-0.64,-2.34,31-Dec-15,-,-,0.149,0.103,-,7.201,6.948,-
ISEC,2016,31-Dec-16,12 Months,ARS,30.78,30.78,6.76,0.53,0,-0.2,22.8,7.98,-,-,7.98,1.5,6.49,6.44,6.44,6.44,6.44,6.44,491.58,0.01,0.01,0.01,31-Dec-16,Interim Report,-,-,20.38,1.75,1.87,0.18,0.4,24.04,8.87,-4.9,3.97,34.64,4.47,-,67.15,0.94,2.09,0,2.4,5.43,0,0,0.76,0.2,6.36,59.67,1.12,-,-,0,60.79,67.15,517.1,0.04,31-Dec-16,ARS,7.98,0.85,-0.49,1.79,-1.63,7.3,-1.11,-5.27,-6.38,-5.38,-,-5.38,-0.09,-4.55,31-Dec-16,0.105,0.114,0.259,0.211,0.497,4.425,4.201,-
ISEC,2017,31-Dec-17,12 Months,ARS,36.98,36.98,7.37,0.63,0,-0.23,26.89,10.09,-0.01,-,10.08,2.19,7.89,7.91,7.91,7.91,7.91,7.91,517.1,0.02,0.01,0.02,31-Dec-17,Interim Report,-,-,24.82,1.91,2.3,0.2,0.43,28.93,9.74,-5.85,3.89,34.89,3.88,-,71.6,1.07,1.89,0,1.37,4.33,0,0,0.68,0.21,5.53,59.67,5.9,-,-,0.5,66.08,71.6,517.1,0.05,31-Dec-17,ARS,10.08,0.94,-0.35,2.04,-3.02,8.29,-0.72,0.39,-0.33,-4.09,-,-3.7,0.19,4.45,31-Dec-17,0.114,0.125,0.273,0.213,0.533,6.689,6.417,-
ISEC,2018,31-Dec-18,12 Months,ARS,40.44,40.44,8.13,0.63,0,-0.12,29.22,11.23,-0.03,-,11.19,2.52,8.68,8.41,8.41,8.41,8.41,8.41,517.1,0.02,0.02,0.02,31-Dec-18,ARS,-,-,27.11,2.45,2.55,0.19,0.47,31.44,9.75,-6.02,3.74,34.92,3.27,0.22,73.57,1.15,2.31,0,1.73,5.18,0,0,0.56,0.22,6.72,59.67,6.66,-,-,0.53,66.86,73.57,517.1,0.06,31-Dec-18,ARS,11.19,0.97,-0.4,2.28,-1.89,10.49,-0.89,0.21,-0.68,-7.65,-,-7.48,-0.05,2.28,31-Dec-18,0.12,0.126,0.278,0.215,0.557,6.064,5.849,-
ISEC,2019,31-Dec-19,12 Months,ARS,42.87,42.87,8.68,0.62,1.2,-0.17,32.68,10.2,-0.29,-,9.91,2.66,7.25,7.47,7.47,7.47,7.47,7.47,527.57,0.01,0.01,0.02,31-Dec-19,ARS,-,0.06,25.72,2.56,2.67,0.24,0.41,30.25,14.84,-6.75,8.09,33.71,2.65,0.37,75.17,1.38,2.66,0,1.7,7.29,3.17,4.71,0.45,0.16,11.55,64.74,-1.51,-0.11,-,0.5,63.63,75.17,532.35,0.05,31-Dec-19,ARS,9.91,2.52,1,2.81,-2.38,11.66,-1.36,0.49,-0.88,-10.97,-0.11,-12.21,-0.03,-1.45,31-Dec-19,0.097,0.114,0.238,0.169,0.576,4.151,3.985,0.074
IX Biopharma,2015,30-Jun-15,12 Months,ARS,7.45,7.45,8.58,0.89,1.36,2.18,17.33,-9.88,-1.05,0.56,-10.38,0.19,-10.56,-10.56,-10.56,-10.56,-10.56,-10.56,522.54,-0.02,0,-0.02,30-Jun-15,ARS,-,-,8.89,1.33,1.74,0.31,-,10.94,2.65,-0.48,2.17,0.34,1.9,-,15.4,0.61,1.72,0,1.69,4.1,0.4,0.48,0.54,0.12,5.16,29.02,-18.76,-,-,-0.02,10.24,15.4,545.68,0.01,30-Jun-15,ARS,-10.56,0.89,2.62,-0.14,0.6,-6.45,-0.41,-0.6,-1.01,-,5.63,4.64,-0.37,-3.19,30-Jun-15,-,-,-1.327,-1.419,-,2.664,2.664,0.047
IX Biopharma,2016,30-Jun-16,12 Months,ARS,5.8,5.8,6.77,-,0.18,-3.97,13.58,-7.78,-,-,-7.78,-0.08,-7.7,-7.7,-7.7,-7.7,-7.7,-7.7,595.41,-0.01,-,-0.01,30-Jun-16,ARS,-,-,31.33,0.82,4.88,0.54,-,36.75,8.41,-0.87,7.54,0.33,1.47,-,46.11,1.16,1.43,0,0.63,3.42,4.05,4.25,0.36,0.1,7.92,65,-27.32,-,-,0.51,38.19,46.11,614.61,0.06,30-Jun-16,ARS,-7.7,0.93,-2.73,-0.22,0.37,-9.13,-1.16,-1.5,-2.67,-,35.16,34.48,-0.65,22.04,30-Jun-16,-0.25,-0.318,-1.343,-1.329,0.188,10.743,10.743,0.111
IX Biopharma,2017,30-Jun-17,12 Months,ARS,6.38,6.38,7.59,-,-,-1.96,13.96,-7.58,-,-,-7.58,-0.19,-7.39,-7.39,-7.39,-7.39,-7.39,-7.39,638.41,-0.01,-,-0.01,30-Jun-17,ARS,-,-,31.09,0.93,2.97,0.52,-,34.58,9.75,-1.56,8.19,0.34,1.06,-,44.25,0.88,2.02,0,0.7,3.87,4.48,4.75,0.17,0.1,8.63,70.13,-34.37,-,-,-0.14,35.63,44.25,639.52,0.05,30-Jun-17,ARS,-7.39,1.28,-2.55,-4.13,4.5,-4.16,-1.12,0,-1.12,-,4.7,4.59,0.45,-0.24,30-Jun-17,-0.164,-0.2,-1.188,-1.158,0.141,8.929,8.929,0.133
IX Biopharma,2018,30-Jun-18,12 Months,ARS,0.25,0.25,7.4,-,-,-1.55,15.48,-15.24,-,-,-15.24,0.05,-15.29,-15.29,-15.09,-15.29,-15.09,-15.09,641.55,-0.02,-,-0.02,30-Jun-18,ARS,-,-,21.07,0.83,2.03,-,0.49,24.11,10.36,-2.27,8.1,0.33,0.54,-,33.07,3.62,2.65,0,0.58,7.13,4.25,4.54,0.09,0.08,11.55,71.13,-50.05,-,-,0.44,21.52,33.07,642.7,0.03,30-Jun-18,ARS,-15.09,1.41,0.13,-1.81,5.2,-8.36,-1.19,0,-1.19,-,-,-0.25,-0.23,-10.02,30-Jun-18,-0.395,-0.535,-61.931,-62.142,0.006,3.381,3.307,0.211
IX Biopharma,2019,30-Jun-19,12 Months,ARS,0.67,0.67,7.85,-,-,-0.57,13.94,-13.27,-,-,-13.27,-0.02,-13.25,-13.25,-2.99,-13.25,-2.99,-2.99,643.83,-0.02,-,-0.02,30-Jun-19,ARS,-,-,15.87,0.04,1.43,-,0.36,18.51,10.07,-2.44,7.64,0.31,0.15,-,26.69,0.47,1.59,0,0.27,2.53,3.62,3.83,0,0.04,6.19,71.53,-52.73,-,-,1.7,20.5,26.69,644.59,0.03,30-Jun-19,ARS,-2.99,1.22,-8.44,0,-3.68,-13.9,-1.69,11.43,9.74,-,-,-1.58,-0.22,-5.96,30-Jun-19,-0.443,-0.63,-19.773,-19.741,0.022,7.313,6.977,0.187
Lonza,2015,31-Dec-15,12 Months,ARS,"3,803.00","3,803.00",552,-,-,16,"3,375.00",428,-80,-7,341,64,277,277,277,277,277,277,56.89,4.87,2.32,5.78,31-Dec-15,ARS,264,-,277,538,617,54,3,"1,844.00","5,916.00","-3,550.00","2,366.00","1,118.00",833,20,"6,248.00",292,416,0,344,"1,576.00","1,414.00","1,938.00",255,868,"4,113.00",53,"2,387.00",-51,-,-565,"2,135.00","6,248.00",56.44,3.26,31-Dec-15,ARS,277,249,217,61,-53,741,-264,-18,-282,-131,0,-381,-10,68,31-Dec-15,-,-,0.113,0.073,-,1.17,0.603,0.908
Lonza,2016,31-Dec-16,12 Months,ARS,"4,132.00","4,132.00",701,58,51,24,"3,646.00",486,-104,-9,373,72,301,301,301,301,301,301,57.07,5.27,2.55,6.56,31-Dec-16,ARS,222,-,274,612,701,85,108,"2,065.00","6,058.00","-3,646.00","2,412.00","1,287.00",968,31,"6,828.00",284,561,68,498,"1,632.00","1,571.00","1,860.00",329,941,"4,473.00",53,"2,565.00",-10,-,-564,"2,355.00","6,828.00",56.99,1.75,31-Dec-16,ARS,301,249,346,54,-202,752,-366,-235,-601,-131,48,-151,1,1,31-Dec-16,0.046,0.134,0.118,0.073,0.632,1.265,0.716,0.79
Lonza,2017,31-Dec-17,12 Months,ARS,"4,548.00","4,548.00",724,126,108,17,"3,875.00",673,-125,-13,535,-131,666,664,707,664,707,707,68.46,9.7,2.75,10.72,31-Dec-17,Interim Report,458,-,479,825,972,93,12,"2,733.00","7,113.00","-3,915.00","3,198.00","4,002.00","3,701.00",36,"13,831.00",400,637,119,620,"2,173.00","3,730.00","4,246.00",760,987,"7,698.00",74,"3,139.00",-59,-,-335,"6,133.00","13,831.00",74.02,-21.21,31-Dec-17,ARS,709,285,61,102,-340,841,-451,"-3,297.00","-3,748.00",-159,"3,055.00","3,199.00",-87,205,31-Dec-17,0.064,0.156,0.148,0.146,0.44,1.258,0.716,0.692
Lonza,2018,31-Dec-18,12 Months,ARS,"5,542.00","5,542.00",850,193,127,6,"4,700.00",842,-26,-9,807,148,659,655,559,655,559,559,74.72,8.77,2.75,10.15,31-Dec-18,ARS,401,-,461,692,775,187,841,"3,514.00","7,170.00","-4,018.00","3,152.00","3,748.00","3,312.00",22,"13,921.00",428,803,103,708,"2,380.00","3,621.00","4,062.00",711,919,"7,703.00",74,"3,468.00",-71,-,-567,"6,218.00","13,921.00",74.02,-11.37,31-Dec-18,ARS,563,333,415,143,-422,"1,082.00",-575,-77,-652,-205,-77,-413,-14,3,31-Dec-18,0.047,0.106,0.152,0.119,0.399,1.476,0.951,0.653
Lonza,2019,31-Dec-19,12 Months,ARS,"5,920.00","5,920.00",889,193,109,-21,"4,948.00",972,-116,-7,849,86,763,762,645,762,645,645,74.56,10.22,2.75,11.53,31-Dec-19,ARS,429,-,505,759,846,247,50,"3,040.00","8,094.00","-4,277.00","3,817.00","3,651.00","3,073.00",85,"13,841.00",453,863,6,585,"2,675.00","2,766.00","3,540.00",630,"1,205.00","7,347.00",74,"3,881.00",-51,-,-724,"6,494.00","13,841.00",74.11,-3.1,31-Dec-19,ARS,646,351,420,137,-624,986,-786,501,-285,-204,-47,-672,-6,23,31-Dec-19,0.055,0.12,0.164,0.129,0.426,1.136,0.616,0.545
Medinex,2015,31-Dec-15,12 Months,PROSPECTUS,1.37,1.37,0.62,0.02,-,0.22,0.86,0.51,0,-,0.51,0.02,0.49,0.49,0.49,0.49,0.49,0.49,104.01,0,-,0,31-Dec-15,PROSPECTUS,0.28,0,0.28,0.15,0.15,0.01,-,0.44,-,-,0.02,-,0,-,0.46,-,-,0,0.02,0.15,0,0,0,-,0.15,0.02,0.29,-,-,-,0.31,0.46,104.01,0,31-Dec-15,PROSPECTUS,0.51,0.02,0,0.02,0.03,0.56,-0.01,0,-0.01,-,0,-0.59,-,-0.04,31-Dec-15,-,-,0.374,0.357,-,2.931,2.932,-
Medinex,2016,31-Dec-16,12 Months,PROSPECTUS,1.76,1.76,0.63,0.03,-,0.32,0.98,0.79,-0.01,-,0.77,0.03,0.74,0.74,0.74,0.74,0.74,0.74,104.01,0.01,-,0.01,31-Dec-16,ARS,0.41,0,0.41,0.44,0.44,0.04,-,0.89,-,-,0.05,-,0,0,0.94,-,-,0,0.04,0.59,0,0.42,0,0,0.59,0.03,0.32,-,-,-,0.35,0.94,104.01,0,31-Dec-16,PROSPECTUS,0.77,0.03,0.01,0.02,-0.17,0.64,-0.06,0,-0.06,-,0.01,-0.45,-,0.14,31-Dec-16,1.063,2.239,0.446,0.423,2.514,1.523,1.523,1.185
Medinex,2017,31-Dec-17,12 Months,ARS,3.03,3.03,1.17,0.03,0,0.36,2.04,0.99,0,-,0.99,0.05,0.94,0.94,0.94,0.94,0.94,0.94,104.01,0.01,-,0.01,31-Dec-17,ARS,1.47,1.6,3.07,0.97,0.97,0.01,-,4.5,-,-,0.1,-,2.44,0,7.04,-,-,0,0.06,0.9,0,0.03,0.01,0,0.91,5.63,0.5,-,-,-,6.13,7.04,104.01,0.04,31-Dec-17,ARS,0.99,0.03,0.03,0.04,0.08,1.13,0,0.55,0.55,-,2.05,0.98,-,2.65,31-Dec-17,0.235,0.289,0.328,0.309,0.761,5.023,4.518,0.004
Medinex,2018,31-Dec-18,12 Months,ARS,9.01,9.01,2.65,0.07,1.06,0.75,7.84,1.17,0,-,1.17,0.26,0.91,0.82,0.82,0.82,0.82,0.82,98.46,0.01,0.01,0.02,31-Dec-18,ARS,4.98,4.15,9.13,1.25,1.25,0.09,-,10.95,-,-,0.1,-,3.78,0,14.83,-,-,0,0.29,1.25,0,0.01,0.02,0.03,1.3,14.16,-0.64,-,-,-,13.53,14.83,131.21,0.07,31-Dec-18,ARS,1.17,0.05,0.02,0.07,-0.27,1,-0.02,-1.21,-1.22,-,6.5,6.29,-,6.07,31-Dec-18,0.083,0.083,0.13,0.101,0.824,8.789,8.409,0.001
Medinex,2020,31-Mar-20,15 Months,ARS,16.74,16.74,5.31,0.75,-,1.23,12.21,4.53,0.12,-,4.65,0.55,4.09,3.64,3.64,3.64,3.64,3.64,131.21,0.03,0.02,0.03,31-Mar-20,ARS,3.74,1.53,5.26,2.41,2.41,0.09,-,8.59,-,-,1.97,-,7.19,1.03,19.32,-,-,0,0.99,3.25,1.38,1.93,0.06,0.03,5.06,14.16,0.1,-,-,-,14.26,19.32,131.21,0.05,31-Mar-20,ARS,4.65,0.69,0.05,0.3,-1.51,3.94,-0.04,-3.44,-3.49,-3.31,-,-4.32,-,-3.87,31-Mar-20,0.24,0.262,0.271,0.245,0.981,2.646,2.389,0.135
Medtecs Intl,2015,31-Dec-15,12 Months,ARS,61.59,61.59,6.93,-,-0.02,-0.25,59.9,1.69,-,-,1.69,1.16,0.53,0.53,0.53,0.53,0.53,0.53,484.82,0,-,0,31-Dec-15,ARS,1.89,1.54,3.42,13.98,13.98,-,15.85,69.25,-,-,30.22,0.71,-,4.07,109.3,-,-,0.39,1.36,45.64,2.18,31.23,0.29,0.73,49.85,27.47,26.84,-,-,0.42,59.45,109.3,549.41,0.11,31-Dec-15,ARS,1.69,5.27,2.51,0.1,-2.55,6.92,-3.59,-3.48,-7.07,-,3.93,1.09,-,0.94,31-Dec-15,-,-,0.027,0.009,-,1.517,0.729,0.525
Medtecs Intl,2016,31-Dec-16,12 Months,ARS,57.6,57.6,6.87,-,-,-0.4,56.04,1.56,-,-,1.56,0.54,1.02,1.02,1.02,1.02,1.02,1.02,549.41,0,-,0,31-Dec-16,ARS,1.58,1.92,3.5,13.81,13.81,-,15.43,67.49,-,-,29.6,0.71,-,3.44,105.64,-,-,0.87,1.68,42.68,0.11,31.72,0.27,0.73,44.79,27.47,27.9,-,-,0.75,60.85,105.64,549.41,0.11,31-Dec-16,ARS,1.56,5.17,1.75,0.26,-3.78,4.7,-4.46,1.26,-3.2,-,0,-1.81,-,-0.31,31-Dec-16,0.009,0.017,0.027,0.018,0.536,1.581,0.767,0.521
Medtecs Intl,2017,31-Dec-17,12 Months,ARS,61.83,61.83,7.21,-,-,-0.24,59.1,2.72,-1.44,-0.32,0.96,0.08,0.87,0.88,0.88,0.88,0.88,0.88,549.41,0,-,0,31-Dec-17,Interim Report,1.73,2.65,4.39,15.3,15.3,-,16.98,70.98,-,-,28.56,0.71,-,3.23,109.54,-,-,0.6,1.5,44.06,1.63,36.08,0.2,0.72,47.62,27.47,28.87,-,-,0.85,61.92,109.54,549.41,0.11,31-Dec-17,ARS,0.96,4.58,2.15,0.33,-5.32,2.37,-3.1,-1.57,-4.66,-,-,2.45,-,0.15,31-Dec-17,0.008,0.014,0.044,0.014,0.575,1.611,0.832,0.583
Medtecs Intl,2018,31-Dec-18,12 Months,ARS,68.3,68.3,7.66,-,-,-0.45,65.23,3.07,-1.69,-0.2,1.19,0.27,0.91,0.91,0.91,0.91,0.91,0.91,549.41,0,-,0,31-Dec-18,ARS,4.52,4.26,8.78,14.73,14.73,-,17.09,74.45,-,-,27.92,0.71,-,3.06,112.89,-,-,0,1.1,42.8,5.91,40.81,0.2,0.63,50.56,27.47,29.96,-,-,0.18,62.33,112.89,549.41,0.11,31-Dec-18,ARS,1.19,4.79,2.62,0.67,-2.97,5.63,-5.31,0.5,-4.81,-,-,1.97,-,2.79,31-Dec-18,0.008,0.015,0.045,0.013,0.614,1.739,0.949,0.655
Medtecs Intl,2019,31-Dec-19,12 Months,ARS,68.98,68.98,7.5,-,-,-0.76,65.18,3.79,-2.08,-0.2,1.52,0.35,1.17,1.16,1.16,1.16,1.16,1.16,549.41,0,0,0,31-Dec-19,ARS,3.07,4.93,8,13.34,13.34,-,16.1,75.29,-,-,30.7,0.71,-,2.95,116.6,0,-,0,0.9,41.4,9.43,46.1,0.21,0.97,53.03,27.47,30.88,-,-,0.5,63.57,116.6,549.41,0.11,31-Dec-19,ARS,1.52,5.81,2.52,0.55,-5.47,4.37,-4.57,-0.08,-4.65,-,-,-1.17,-,-1.45,31-Dec-19,0.01,0.018,0.055,0.017,0.601,1.819,0.904,0.725
OUE Lippo HC,2015,31-Dec-15,12 Months,ARS,45,45,44.91,-,0,1.98,3.79,41.21,-26.18,-,15.03,14.56,0.47,0.37,0.37,0.37,0.37,0.37,"1,887.20",0,-,0,31-Dec-15,ARS,25.75,-,25.75,-4.08,16.98,1.28,0.56,45.48,12.68,-5.64,7.04,-,38.32,544.91,642.83,5.9,6.69,0,14.05,258.11,139.72,371.19,30.12,7.26,434.58,192.71,15.71,-,3.63,-3.79,208.25,642.83,"1,896.08",0.09,31-Dec-15,ARS,0.47,1.19,8.99,0.2,-29.7,-18.81,-0.29,-26.5,-26.79,-,-,42.73,1.35,-1.52,31-Dec-15,-,-,0.916,0.01,-,0.176,0.173,1.782
OUE Lippo HC,2016,31-Dec-16,12 Months,ARS,49.06,49.06,13.39,-,-,60.56,100.16,-51.1,-25.91,1.19,-75.82,1.05,-76.87,-76.85,-76.85,-76.85,-76.85,-76.85,"1,896.08",-0.04,-,-0.03,31-Dec-16,Interim Report,-,-,15.19,58.33,58.33,-,-,74.3,13.77,-6.14,7.63,0,0.72,419.6,508.17,-,-,0,1.08,198.63,140.62,310.95,29.49,7.66,375.76,192.71,-63.93,-,3.63,0,132.41,508.17,"1,896.07",0.07,31-Dec-16,ARS,-76.87,1.16,85.73,1.02,-2.28,7.99,-2.11,-0.37,-2.47,-,-,-16.89,0.81,-10.57,31-Dec-16,-0.134,-0.451,-1.042,-1.567,0.085,0.374,0.37,2.348
OUE Lippo HC,2017,31-Dec-17,12 Months,ARS,23.03,23.03,15.5,-,-,62.04,86.3,-63.27,-19.91,-,-83.18,8.22,-91.4,-92.11,-90.7,-92.11,-90.7,-90.7,"1,930.58",-0.05,-,-0.03,31-Dec-17,Interim Report,16.56,-,16.56,-36.63,40.74,0.67,5.32,64.42,13.88,-7.36,6.52,0,0.47,411.5,488.44,4.91,10.26,165.41,57.12,246.11,160.16,333.98,36.72,7.42,450.48,192.71,-154.63,-,3.63,-3.75,37.96,488.44,"1,896.07",0.02,31-Dec-17,ARS,-89.99,1.83,90.44,0.06,-3.55,-1.03,-0.91,-0.17,-1.09,-,0,8.93,-0.47,6.34,31-Dec-17,-0.183,-1.081,-2.747,-3.969,0.046,0.262,0.257,8.798
OUE Lippo HC,2018,31-Dec-18,12 Months,ARS,19.56,19.56,16.41,-,0.03,-0.06,21.86,-2.3,-5.24,-,-7.54,1.25,-8.79,-8.79,-9.32,-8.79,-9.32,-9.32,"2,614.79",0,-,0,31-Dec-18,ARS,58.47,-,58.47,-37.5,38.23,1.42,3.76,102.13,36.54,-4.86,31.68,3.08,0.23,529.24,670.96,2.46,15.39,165.6,54.32,242.13,138.04,308.01,37.96,7.48,425.69,418.91,-163.95,-,-1.94,-7.75,245.27,670.96,"4,443.13",0.05,31-Dec-18,ARS,-9.32,1.62,6.88,0.02,-8.03,-8.61,-0.15,-146.25,-146.4,-,228.71,193.85,0.08,38.91,31-Dec-18,-0.015,-0.062,-0.117,-0.449,0.034,0.422,0.421,1.256
OUE Lippo HC,2019,31-Dec-19,12 Months,ARS,19.65,19.65,17.74,-,0.03,-10.92,11.99,7.66,-1.9,-,5.75,2.52,3.24,3.36,3.36,3.36,3.36,3.36,"4,443.13",0,-,0,31-Dec-19,ARS,46.04,-,46.04,-37.31,46.02,0.82,10.65,103.85,43.81,-7.55,36.26,4.85,0,564.55,709.52,2.23,21.48,169.75,42.57,391.36,16.6,341.67,40.79,7.67,456.72,418.91,-160.62,-,-1.84,-3.65,252.8,709.52,"4,443.13",0.06,31-Dec-19,ARS,3.24,1.28,-4.54,0,-4.72,-4.51,-1.13,-29.6,-30.73,-,0,27.25,0.26,-7.73,31-Dec-19,0.005,0.013,0.39,0.165,0.028,0.265,0.265,1.352
Pharmesis Intl,2015,31-Dec-15,12 Months,ARS,62.4,62.4,32.56,-,0.41,-2.56,59.48,2.92,0.21,-,3.13,0.01,3.13,2.45,2.45,2.45,2.45,2.45,20.75,0.12,-,0.14,31-Dec-15,ARS,-,0,77.14,21.07,22.84,0.73,-,107.47,-,-,13.17,1.32,0,-,124.91,2.93,-,0,0.01,23.53,0,15,0.49,-,28.74,83.71,12.45,-,-,-,96.17,124.91,23,4.12,31-Dec-15,ARS,3.13,1.66,0.05,0.02,5.83,10.67,-1.53,15.29,13.76,-,4.45,16.4,-,40.83,31-Dec-15,-,-,0.047,0.05,-,4.568,4.281,0.156
Pharmesis Intl,2016,31-Dec-16,12 Months,ARS,68.84,68.84,33.88,-,1.25,-0.8,72.57,-3.73,-0.63,-,-4.35,0.7,-5.05,-4.64,-4.64,-4.64,-4.64,-4.64,23,-0.2,-,-0.17,31-Dec-16,ARS,-,-,44.86,21.04,55.72,0.44,-,108.18,-,-,11.34,1.32,-,-,123.69,3.78,-,0,0.4,27.36,0,15,0.49,-,32.16,83.71,7.81,-,-,-,91.53,123.69,23,3.92,31-Dec-16,ARS,-4.35,1.45,1.85,0.31,-30.37,-31.42,-0.87,0,-0.87,-,0,0,-,-32.29,31-Dec-16,-0.041,-0.049,-0.054,-0.073,0.554,3.954,3.692,0.164
Pharmesis Intl,2017,31-Dec-17,12 Months,ARS,69.73,69.73,32.35,-,0.26,-0.6,70.27,-0.55,-0.74,0,-1.29,0.54,-1.83,-2.48,-2.48,-2.48,-2.48,-2.48,23,-0.11,-,-0.1,31-Dec-17,ARS,-,-,35.49,21.41,33.99,1.37,-,78.09,-,-,37.3,1.32,-,-,124.61,1.91,-,15,0.24,30.2,0,15,0.49,-,35.64,83.71,5.26,-,-,-,88.97,124.61,23,3.81,31-Dec-17,ARS,-1.29,1.4,1.64,0.79,0.93,2.68,-3.47,-8.59,-12.05,-,-,0,-,-9.37,31-Dec-17,-0.015,-0.027,-0.008,-0.026,0.562,2.586,2.346,0.169
Pharmesis Intl,2018,31-Dec-18,12 Months,ARS,64.33,64.33,29.49,-,0,-5.08,57.45,6.88,-0.75,-0.02,6.11,1.05,5.06,1.29,1.29,1.29,1.29,1.29,23,0.06,-,0.06,31-Dec-18,ARS,-,-,34.72,19.53,34.16,0.17,-,78.77,-,-,40.58,1.32,-,-,128.3,3.38,-,15,0.31,28.56,0,15,0.76,-,38.04,83.71,6.55,-,-,-,90.26,128.3,23,3.87,31-Dec-18,ARS,6.11,1.4,0.02,0.41,-3.62,3.92,-4.74,0.05,-4.69,-,-,0,-,-0.77,31-Dec-18,0.04,0.014,0.107,0.079,0.509,2.758,2.417,0.166
Pharmesis Intl,2019,31-Dec-19,12 Months,ARS,37.2,37.2,30.7,-,7.91,-0.1,55.84,-18.64,-0.87,-0.02,-19.53,-0.28,-19.26,-17.67,-17.67,-17.67,-17.67,-17.67,23,-0.77,-,-0.54,31-Dec-19,ARS,-,-,14.69,13.56,17.08,0.23,-,38.87,-,-,53.69,1.32,-,-,93.88,1.65,-,0,0.08,29.17,0.69,15.95,0,-,31.76,83.71,-21.59,-,-,-,62.12,93.88,23,2.64,31-Dec-19,ARS,-19.53,2.04,8.92,0.71,10.92,2.35,-6.41,-15.7,-22.11,-,-,-0.26,-,-20.03,31-Dec-19,-0.173,-0.232,-0.501,-0.518,0.335,1.333,1.097,0.257
Q&M Dental,2015,31-Dec-15,12 Months,ARS,124,124,73.3,4,-1.75,8.76,104.41,19.59,-2.75,-,16.85,2,14.84,11.4,11.4,11.4,11.4,11.4,823.13,0.01,0.01,0.01,31-Dec-15,ARS,-,-,64.88,9.48,19.63,2.48,5.45,103.61,49.21,-14.92,34.29,73.63,3.43,0.02,216.07,15.61,-,0.3,10.77,42.03,63.8,79.45,1.46,0.58,123.95,80.09,13.46,-0.73,-,-0.7,92.12,216.07,794.27,0.02,31-Dec-15,ARS,16.85,4,0.15,2.57,-7.69,13.3,-14.27,-5.31,-19.58,-5.76,-0.61,35.51,-,29.23,31-Dec-15,-,-,0.158,0.12,-,2.466,2.199,0.862
Q&M Dental,2016,31-Dec-16,12 Months,ARS,154.94,154.94,88.39,4.46,-16.39,11.06,116.01,38.93,-3.4,-,35.52,2.2,33.32,28.3,28.3,28.3,28.3,28.3,794.25,0.04,0.01,0.02,31-Dec-16,ARS,-,-,44.09,7.51,20.02,2.78,5.91,80.42,47.7,-20.32,27.38,72.83,2.72,39.81,229.82,14.66,-,0.25,6.32,36.49,69.27,84.78,1.4,0.62,115.14,86.76,35.07,-5.8,-,-1.35,114.68,229.82,796.56,0.05,31-Dec-16,ARS,35.52,4.46,-13.96,2.81,-7.12,18.89,-8.25,-13.45,-21.69,-6.69,-5.18,-17.98,-,-20.79,31-Dec-16,0.149,0.274,0.251,0.215,0.695,2.204,1.995,0.739
Q&M Dental,2017,31-Dec-17,12 Months,ARS,123.49,123.49,86.3,3.33,-13.94,8.85,99.79,23.71,0.71,-,24.41,0.74,23.67,23.87,23.87,23.87,23.87,23.87,796.35,0.03,0.01,0.01,31-Dec-17,ARS,-,-,37.04,5.79,11.46,1.87,4.51,61.33,41.92,-20.62,21.3,51.54,1.91,74.28,220.03,12.92,-,0.26,4.62,78.01,26.39,86.86,1.12,0.64,107.12,86.76,34.39,-6.84,-,-1.41,112.91,220.03,794.87,0.07,31-Dec-17,ARS,24.41,3.33,-14.4,0.51,3.42,16.76,-5.91,-2.55,-8.46,-11.15,-1.46,-15.35,-,-7.05,31-Dec-17,0.105,0.21,0.192,0.192,0.549,0.786,0.703,0.769
Q&M Dental,2018,31-Dec-18,12 Months,ARS,120.81,120.81,83.18,3.31,0.05,7.27,107.94,12.87,1.98,-,14.85,0.76,14.09,14.01,14.01,14.01,14.01,14.01,790.44,0.02,0.01,0.02,31-Dec-18,ARS,-,-,24.92,5.49,12.5,1.84,4.93,51.14,43.17,-22.75,20.42,51.68,1.65,77.44,214.15,10.92,-,0.18,3.21,14.57,86.19,86.63,1.07,0.64,103.5,86.76,37.94,-11.56,-,-2.48,110.65,214.15,785.62,0.07,31-Dec-18,ARS,14.85,3.31,-2.05,0.44,-3.01,13.09,-2.75,-2.24,-4.99,-10.47,-4.72,-20.21,-,-12.12,31-Dec-18,0.065,0.125,0.107,0.117,0.556,3.51,3.033,0.783
Q&M Dental,2019,31-Dec-19,12 Months,ARS,127.96,127.96,79.34,14.73,-11.31,9.09,107.6,20.37,-0.24,-,20.12,1.94,18.18,17.98,17.98,17.98,17.98,17.98,785.62,0.02,0.03,0.01,31-Dec-19,ARS,-,-,27.25,3.62,83.25,1.91,5.57,125.01,99.29,-23.68,75.6,51.68,1.82,42.03,305.77,15.5,-,16.2,12.61,70.89,109.79,152.57,1.37,0.6,183.8,86.76,49.48,-11.56,-,-2.7,121.97,305.77,785.62,0.09,31-Dec-19,ARS,20.12,14.73,-11.19,0.73,4.28,27.95,-7.28,-2.01,-9.28,-6.44,0,-16.34,-,2.33,31-Dec-19,0.07,0.155,0.159,0.142,0.492,1.763,1.664,1.251
QT Vascular,2015,31-Dec-15,12 Months,ARS,12.44,12.44,23.2,-,-,23.89,63.36,-50.92,-2.13,0,-53.05,0,-53.05,-53.05,-53.05,-53.05,-53.05,-53.05,779.23,-0.07,-,-0.07,31-Dec-15,ARS,3.81,-,3.81,2.56,3.41,0.22,0.04,13.43,3.48,-2.57,0.91,-,12.86,-,27.35,1.05,3.62,0,32.73,37.4,3.47,3.48,-,0.16,41.04,139.2,-149.39,-,-,-3.5,-13.69,27.35,822.96,-0.03,31-Dec-15,ARS,-,-,-,-,26.46,26.46,-4.54,-,-4.54,-,0.49,11.43,-0.55,-16.3,31-Dec-15,-,-,-4.095,-4.266,-,0.359,0.2,-
QT Vascular,2016,31-Dec-16,12 Months,ARS,10.65,10.65,18.28,-,-,-23.97,9.53,1.11,-13.09,-,-11.98,0,-11.98,-11.98,-11.98,-11.98,-11.98,-11.98,935.45,-0.01,-,-0.01,31-Dec-16,ARS,-,-,0.33,1.89,1.89,-,-,6.27,-,-,0.79,-,12.61,-,19.89,10.52,-,17.82,1.61,29.95,0,17.82,-,0.14,30.09,152.69,-162.88,-,-,-,-10.2,19.89,"1,038.01",-0.02,31-Dec-16,ARS,-,-,-,-,-19.6,-19.6,-1.06,0.01,-1.05,-,0.05,12.48,0,-3.52,31-Dec-16,-0.507,-,0.104,-1.125,0.451,0.209,0.074,-
QT Vascular,2017,31-Dec-17,12 Months,ARS,14.31,14.31,12.23,-,-,3.76,31.01,-16.7,-6.17,-,-22.87,0,-22.87,-22.87,-22.87,-22.87,-22.87,-22.87,"1,466.69",-0.02,-,-0.02,31-Dec-17,Interim Report,-,-,0.35,1.77,1.77,-,-,5.48,-,-,0.41,-,11.62,-,17.66,19.93,-,10.01,1.24,31.17,0,10.01,-,0.07,31.24,171.22,-184.8,-,-,-,-13.58,17.66,"1,894.25",-0.01,31-Dec-17,ARS,-,-,-,-,0,-4.2,-0.03,0,-0.03,-,1.84,4.28,-0.03,0.02,31-Dec-17,-1.218,-,-1.167,-1.598,0.762,0.176,0.068,-
QT Vascular,2018,31-Dec-18,12 Months,ARS,11.17,11.17,8.09,-,-,-44.02,-18.89,30.06,-0.48,-,29.57,0,29.57,29.57,29.57,29.57,29.57,29.57,"2,040.89",0.01,-,0.01,31-Dec-18,ARS,-,-,10.77,2.84,2.84,-,-,14.81,-,-,0.18,-,8.55,0.26,24.26,4.11,-,2.39,0,6.5,0,2.39,-,0.07,6.57,172.78,-155.08,-,-,-,17.7,24.26,"2,092.63",0,31-Dec-18,ARS,-,-,-,-2.01,-4.25,-28.74,-0.1,46.11,46.02,-,1.13,-6.64,-0.23,10.42,31-Dec-18,1.411,14.369,2.692,2.649,0.533,2.278,2.093,0.135
QT Vascular,2019,31-Dec-19,12 Months,ARS,7.95,7.95,4.28,-,-,-0.61,17.3,-9.34,-0.3,-,-9.64,0,-9.64,-9.64,-9.64,-9.64,-9.64,-9.64,"2,171.18",0,-,0,31-Dec-19,ARS,-,-,1.5,2.37,2.37,-,-,4.05,-,-,0.41,-,8.29,0.26,13.08,2.81,-,1.36,-,4.45,0.05,1.69,-,0.07,4.57,173.18,-164.67,-,-,-,8.52,13.08,"2,235.27",0,31-Dec-19,ARS,-,-,-,-0.05,0,-8.09,-0.01,0.4,0.39,-,0,-1.52,-0.03,-9.26,31-Dec-19,-0.516,-0.736,-1.175,-1.212,0.426,0.91,0.869,0.199
Raffles Medical,2015,31-Dec-15,12 Months,ARS,410.54,410.54,214.58,12.81,-,21.41,329.93,80.6,1,-,81.61,12.58,69.03,69.29,69.29,69.29,69.29,69.29,"1,727.96",0.04,0.05,0.04,31-Dec-15,ARS,-,-,86.06,75,75,-,-,170.63,337.64,-73.37,264.27,26.95,5.19,343.87,814.93,-,-,0,26.99,156.84,20.88,32.28,4.66,10.52,211.83,286.37,316.18,-,1.71,-1.15,603.11,814.93,"1,725.12",0.33,31-Dec-15,ARS,69.03,12.76,12.28,12.53,-21.3,72.82,-34.69,-143.51,-178.2,-11.58,12.4,41.15,0.11,-64.12,31-Dec-15,-,-,0.196,0.168,-,1.088,1.027,0.054
Raffles Medical,2016,31-Dec-16,12 Months,ARS,473.61,473.61,255.95,14.67,-,29.4,391.66,81.95,0.98,-,82.93,14.98,67.95,70.21,70.21,70.21,70.21,70.21,"1,753.82",0.04,0.02,0.04,31-Dec-16,ARS,-,-,111.88,101.41,101.41,-,-,223.29,356.32,-86.25,270.07,26.12,4.54,371.47,900.63,-,-,0,26.03,184.21,16.95,30.4,4.85,12.77,234.24,314.17,354.6,-,1.71,-4.09,666.39,900.63,"1,748.16",0.36,31-Dec-16,ARS,67.95,14.49,15.28,12.69,-19.04,78.85,-14.5,-29.88,-44.37,-13.98,7.09,-8.49,-0.17,25.83,31-Dec-16,0.079,0.111,0.173,0.143,0.552,1.212,1.158,0.046
Raffles Medical,2017,31-Dec-17,12 Months,ARS,477.58,477.58,260.8,14.99,-,31.16,397.5,80.09,0.73,-,80.82,12.16,68.66,70.78,70.78,70.78,70.78,70.78,"1,770.76",0.04,0.04,0.04,31-Dec-17,Interim Report,60.42,37.86,98.27,87.26,87.26,-,-,195.48,481.69,-97.66,384.02,25.53,11.24,385.5,"1,005.86",-,-,0,26.98,194.49,38,79.2,1.77,19.97,271.81,340.2,392.42,-,1.71,-0.28,734.05,"1,005.86","1,771.04",0.39,31-Dec-17,ARS,68.66,14.39,10.94,13.97,-11.9,82.69,-15.9,-124.77,-140.66,-14.39,5.28,44.74,-0.38,-13.61,31-Dec-17,0.072,0.101,0.168,0.144,0.501,1.005,0.954,0.108
Raffles Medical,2018,31-Dec-18,12 Months,ARS,489.14,489.14,259.51,18.27,-,30.99,404.9,84.24,-0.1,-,84.13,13.33,70.8,71.06,71.06,71.06,71.06,71.06,"1,788.29",0.04,0.03,0.04,31-Dec-18,ARS,61.41,44.58,105.98,83.22,83.22,-,-,198.53,674.79,-109.07,565.72,24.42,12.86,311.16,"1,116.29",-,-,0,30.23,186.33,97.19,116.5,4.77,11.38,315.8,365.33,424.92,-,16.37,-6.13,800.49,"1,116.29","1,797.17",0.42,31-Dec-18,ARS,70.8,17.17,12.07,12.69,-9.62,91.53,-31.41,-71.25,-102.66,-15.63,0.77,20.08,-1.23,7.71,31-Dec-18,0.067,0.093,0.172,0.145,0.461,1.065,1.015,0.146
Raffles Medical,2019,31-Dec-19,12 Months,ARS,522.04,522.04,274.06,29.26,-,31.58,445.87,76.17,-0.24,-,75.92,15.4,60.52,60.27,60.27,60.27,60.27,60.27,"1,815.82",0.03,0.03,0.03,31-Dec-19,ARS,-,-,151.83,83.94,83.94,-,-,246.01,819.76,-134.18,685.59,23.84,13.62,311.16,"1,284.82",-,-,0,37.12,218.95,181.08,200.38,7.01,20.93,443.93,393.47,441.52,-0.4,16.37,-10.06,840.89,"1,284.82","1,827.94",0.44,31-Dec-19,ARS,60.52,27.65,15.06,12.49,6.31,111.15,-98.38,1.51,-96.87,-17.95,0.58,31.55,-1.06,44.77,31-Dec-19,0.05,0.073,0.146,0.116,0.435,1.124,1.077,0.238
RHT HealthTrust,2016,31-Mar-16,12 Months,ARS,91.11,91.11,18.87,11.7,-,-,57.54,33.57,-10.07,-0.73,22.77,13.01,9.76,9.76,43.48,9.76,43.48,43.48,796.36,0.01,0.08,0.01,31-Mar-16,ARS,5.83,79.78,85.61,25.34,25.34,-,1.87,112.96,762.6,-20.61,844.85,85.1,42.88,36.05,"1,159.16",0.39,5.76,0,89.9,99.49,166.6,170.04,149.75,3.71,419.55,510.4,168.77,-,142.91,-82.47,739.61,"1,159.16",797.84,0.77,31-Mar-16,ARS,22.77,16.34,42.04,18.66,-18.08,63.08,-32.4,-5.36,-37.76,-60.53,-,-23.51,-0.14,1.66,31-Mar-16,-,-,0.368,0.107,-,1.135,1.134,0.23
RHT HealthTrust,2017,31-Mar-17,12 Months,ARS,92.02,92.02,23.67,11.74,-,-,63.61,28.41,-2.85,-0.74,24.83,1.37,23.45,23.45,134.95,23.45,134.95,134.95,801.87,0.03,0.06,0.03,31-Mar-17,ARS,7.1,2.51,9.61,10.61,10.61,-,0.81,21.13,469.18,-16.62,562.07,51.01,43.63,383.27,"1,108.66",5.34,4.14,7.35,12.02,126.1,183.66,288.27,90.23,12.3,412.29,518.11,153.48,-,43.1,-18.32,696.37,"1,108.66",806.33,0.75,31-Mar-17,ARS,24.83,13.28,24.57,20.6,0.81,63.48,-17.15,205.2,188.05,-257.74,-,-250.21,0.1,1.42,31-Mar-17,0.021,0.033,0.309,0.255,0.081,0.168,0.167,0.414
RHT HealthTrust,2018,31-Mar-18,12 Months,ARS,96.01,96.01,18.95,11.88,-,-,60.59,35.42,0.83,-0.94,35.31,19.77,15.54,15.54,15.54,15.54,15.54,15.54,807.57,0.02,0.02,0.02,31-Mar-18,ARS,8.05,42.96,51.01,19.29,19.29,-,1.45,71.87,455.56,-19.26,539.01,47.68,39.1,380.85,"1,118.14",5.85,2.88,125.66,11.17,201.28,146.53,327.9,89.05,18.75,455.6,520.19,140.99,-,48.94,-47.59,662.54,"1,118.14",808.73,0.71,31-Mar-18,ARS,35.31,11.88,-3.42,5.86,-6.11,37.66,-14.82,-27.79,-42.61,-28.97,-,5.8,-0.05,0.8,31-Mar-18,0.014,0.023,0.369,0.162,0.086,0.357,0.356,0.495
RHT HealthTrust,2019,31-Mar-19,12 Months,ARS,0.03,0.03,20.04,0,-,-,20.04,-20.01,-11.7,-0.04,-31.75,7.95,-39.7,-39.7,-22.57,-39.7,-22.57,-22.57,810.66,-0.05,0.04,-0.05,31-Mar-19,ARS,0.62,18.8,19.43,0,0,-,0.36,19.78,0,0,0,0,0,0,19.78,0,1.34,0,0.54,1.87,0,0,0,0,1.87,522.25,-504.34,-,0,0,17.91,19.78,811.4,0.02,31-Mar-19,ARS,-31.75,8.49,43.15,19.68,21.57,41.47,-3.38,897.55,894.17,-671.69,-,-924.02,-0.34,11.28,31-Mar-19,-0.07,-0.117,-645.484,"-1,280.58",0,10.568,10.568,-
RHT HealthTrust,2020,31-Mar-20,12 Months,PRESS,0,0,1.24,-,-,-,1.24,-1.24,0.24,-,-1,0.02,-1.02,-1.02,-1.02,-1.02,-1.02,-1.02,811.4,0,-,0,31-Mar-20,PRESS,17.58,0.14,17.72,-,-,-,0.2,17.92,-,-,-,-,-,0,17.92,-,-,-,1.03,1.03,-,-,-,-,1.03,522.25,-505.36,-,-,-,16.89,17.92,811.4,0.02,31-Mar-20,PRESS,-1,0,-0.24,0.02,-0.5,-1.74,0,0,0,0,-,0,0,-1.74,31-Mar-20,-0.054,-0.059,-,-,-,17.398,17.398,-
SingMedical,2015,31-Dec-15,12 Months,ARS,30.97,30.97,9.62,-,-0.08,-0.31,30.49,0.48,-0.44,-,0.04,-0.16,0.2,-0.15,-0.15,-0.15,-0.15,-0.15,275.14,0,-,0,31-Dec-15,ARS,-,-,6.47,1.36,2.24,0.31,-,10.09,-,-,2.63,-,-,2.6,16.19,1.3,-,1.01,2.36,4.73,0.31,1.38,0.01,0.19,5.88,18.71,-8.36,-,-,-0.03,10.31,16.19,276.03,0.04,31-Dec-15,ARS,0.04,1.06,0.47,0,-1.21,0.36,-1.52,-2.34,-3.86,-,3.84,2.67,-,-0.83,31-Dec-15,-,-,0.016,0.006,-,2.135,1.908,0.134
SingMedical,2016,31-Dec-16,12 Months,ARS,41.58,41.58,12.22,-,-0.73,-0.09,38.07,3.51,-0.47,-,3.04,0.17,2.87,2.42,2.42,2.42,2.42,2.42,287.7,0.01,-,0.01,31-Dec-16,ARS,-,-,7.82,3.46,4.84,0.52,-,14.3,-,-,7.35,-,9.59,1.59,34.44,1.84,-,0,4.84,8.17,2.08,3.56,0.01,0.27,11.16,29.2,-5.89,-,-,-0.02,23.29,34.44,311.03,0.04,31-Dec-16,ARS,3.04,1.36,-0.14,-,0.27,4.54,-1.13,-1.42,-2.55,-,0.29,-0.63,-,1.36,31-Dec-16,0.114,0.144,0.084,0.069,1.642,1.752,1.614,0.153
SingMedical,2017,31-Dec-17,12 Months,ARS,68,68,18.8,-,0.04,-0.27,57.54,10.46,-0.98,-,9.48,0.75,8.73,8.5,8.5,8.5,8.5,8.5,427.8,0.02,-,0.02,31-Dec-17,Interim Report,-,-,21.33,4.75,6.87,1.14,-,30.86,-,-,13.51,-,119.2,1.53,167.63,1.91,-,0,28.4,33.52,8.27,11.48,0.1,17.41,59.35,108.74,-0.34,-,-,-0.11,108.28,167.63,459.42,-0.02,31-Dec-17,ARS,9.48,2.65,0.81,0.09,-0.15,12.79,-5.01,-17.21,-22.22,-,15.93,22.94,-,13.5,31-Dec-17,0.086,0.129,0.154,0.128,0.673,0.921,0.875,0.106
SingMedical,2018,31-Dec-18,12 Months,ARS,85.07,85.07,23.09,-,0.06,-0.43,69.92,15.15,-0.79,-0.26,14.1,1.19,12.92,12.93,12.93,12.93,12.93,12.93,472.42,0.03,-,0.03,31-Dec-18,ARS,-,-,20.01,6.03,7.07,1.78,-,30.55,27.8,-14.15,13.65,126.1,0.44,7.36,181.84,1.65,-,0,29.94,37.8,11.7,17.92,0.17,1.84,51.07,118.92,12.5,-,-,-0.64,130.78,181.84,459.42,0.01,31-Dec-18,ARS,14.1,3.88,0.92,0.92,-1.54,17.44,-3.42,-25.26,-28.68,-,7.09,9.95,-,-1.29,31-Dec-18,0.074,0.108,0.178,0.152,0.487,0.808,0.763,0.137
SingMedical,2019,31-Dec-19,12 Months,ARS,94.67,94.67,26.13,-,0.15,-0.13,77.47,17.2,-1.02,-0.12,16.07,2.43,13.64,13.66,13.66,13.66,13.66,13.66,508.5,0.03,0,0.03,31-Dec-19,ARS,-,-,27.32,5.63,7.29,0.98,-,37.39,35.22,-14.47,20.75,126.1,0.82,8.9,197.62,2.12,-,9.2,17.76,40.67,11.09,31.88,0.23,0.38,51.67,119.79,26.25,-0.04,-,-0.04,145.95,197.62,482.88,0.04,31-Dec-19,ARS,16.07,8.93,1.41,1.89,-0.55,26.11,-2.14,-16.6,-18.75,-,0.68,-0.06,-,7.3,31-Dec-19,0.072,0.099,0.182,0.144,0.499,0.919,0.875,0.218
Singapore O&G,2015,31-Dec-15,12 Months,ARS,16.41,16.41,7.17,0.24,0.1,0.99,10.36,6.06,0.13,-,6.18,0.84,5.34,5.34,5.34,5.34,5.34,5.34,399.67,0.01,0.01,0.01,31-Dec-15,ARS,-,-,24.21,1.1,1.18,0.15,0.15,25.97,1.19,-0.51,0.68,0.84,-,0.15,27.63,0.29,0.86,0,2.38,3.54,0,0,0.09,-,3.62,14.43,9.58,-,-,-,24.01,27.63,436,0.05,31-Dec-15,ARS,6.18,0.24,-0.02,0.22,-0.01,6.39,-0.32,0.04,-0.27,-3.4,10.22,6.81,-,12.93,31-Dec-15,-,-,0.369,0.325,-,7.341,7.262,-
Singapore O&G,2016,31-Dec-16,12 Months,ARS,28.67,28.67,12.25,0.38,0,1.28,18.28,10.4,0.14,-0.45,10.08,1.28,8.8,8.8,8.8,8.8,8.8,8.8,471.7,0.02,0.02,0.02,31-Dec-16,ARS,11.38,10,21.38,1.34,1.43,0.32,0.34,25.62,2.43,-0.87,1.55,26.93,-,0.15,54.27,0.84,1.81,0,6.14,8.79,0,0,0.07,3.76,12.62,29.65,12,-,-,-,41.64,54.27,476.8,0.03,31-Dec-16,ARS,10.08,0.38,0.32,1.46,-0.43,10.35,-0.85,-5.95,-6.8,-6.39,0,-6.39,-,-2.83,31-Dec-16,0.215,0.268,0.363,0.307,0.7,2.914,2.669,-
Singapore O&G,2017,31-Dec-17,12 Months,ARS,29.9,29.9,12,0.52,0,2.95,20.03,9.87,-0.18,-,9.69,1.18,8.51,8.51,8.51,8.51,8.51,8.51,476.8,0.02,0.02,0.02,31-Dec-17,ARS,10.43,6,16.43,1.47,1.5,0.6,0.42,20.55,2.91,-1.27,1.64,26.93,-,0,49.13,0.64,2.49,0,2.38,5.52,0,0,0.11,-,5.63,29.65,13.85,-,-,-,43.5,49.13,476.8,0.03,31-Dec-17,ARS,9.69,0.52,0.34,1.24,-8.4,2.15,-0.57,0.12,-0.45,-6.65,-,-6.65,-,-4.95,31-Dec-17,0.165,0.2,0.33,0.285,0.578,3.724,3.434,-
Singapore O&G,2018,31-Dec-18,12 Months,ARS,34.68,34.68,13.54,0.55,1.55,3.31,23.83,10.85,0.08,-,10.93,1.78,9.15,9.15,9.15,9.15,9.15,9.15,476.8,0.02,0.02,0.02,31-Dec-18,Interim Report,14.55,-,21.55,1.88,2.32,0.66,-,26.19,3.23,-1.82,1.41,24.13,-,-,51.73,0.85,3.16,0,2.99,7,0,0,0.14,-,7.14,29.65,14.94,-,-,-,44.59,51.73,476.8,0.04,31-Dec-18,ARS,10.93,0.55,2.72,1.18,-0.81,13.4,-0.29,0.07,-0.22,-8.06,-,-8.06,-,5.12,31-Dec-18,0.181,0.208,0.313,0.264,0.688,3.742,3.505,-
Singapore O&G,2019,31-Dec-19,12 Months,ARS,39.76,39.76,16.48,2.21,11.82,2.13,39.11,0.65,-0.03,-,0.62,1.75,-1.13,-1.13,-1.13,-1.13,-1.13,-1.13,476.8,0,0.01,0.01,31-Dec-19,ARS,17.99,-,25.99,2.22,2.75,0.77,-,31.53,9.03,-3.74,5.29,12.23,-,-,49.06,1.26,4.38,0,3.27,10.33,2.38,3.82,0.13,-,12.85,29.65,6.56,-,-,-,36.21,49.06,476.8,0.05,31-Dec-19,ARS,0.62,2.21,12.02,1.71,-0.75,14.09,-0.95,0.15,-0.8,-7.25,-,-8.85,-,4.44,31-Dec-19,-0.022,-0.028,0.016,-0.028,0.789,3.052,2.855,0.105
Sing Paincare,2017,30-Jun-17,12 Months,ARS,4.03,4.03,1.26,0.03,-,0.31,2.51,1.52,0,-,1.52,0.2,1.33,1.33,1.33,1.33,1.33,1.33,161.62,0.01,-,0.01,30-Jun-17,ARS,-,-,1.91,1.63,1.63,0,-,3.69,-,-,0.05,-,0,0,3.74,-,-,0,0.21,1,1.23,1.26,-,-,2.22,0,1.51,-,-,-,1.51,3.74,161.62,0.01,30-Jun-17,ARS,1.52,0.03,0.02,0.05,0.18,1.75,-0.05,-0.59,-0.64,-,0,0.42,-,1.53,30-Jun-17,-,-,0.378,0.329,-,3.701,3.551,0.835
Sing Paincare,2018,30-Jun-18,12 Months,ARS,4.01,4.01,1.24,0.02,-,0.3,2.42,1.59,0,-,1.59,0.21,1.39,1.39,1.39,1.39,1.39,1.39,161.62,0.01,-,0.01,30-Jun-18,ARS,-,-,0.79,1.76,1.76,0,-,2.68,-,-,0.03,-,0,0,2.71,-,-,0,0.21,0.75,1.2,1.23,-,-,1.95,0,0.76,-,-,-,0.76,2.71,161.62,0,30-Jun-18,ARS,1.59,0.02,0.01,0.2,0.06,1.69,0,-0.45,-0.45,-,0,-2.36,-,-1.12,30-Jun-18,0.43,1.219,0.397,0.345,1.245,3.584,3.417,1.616
Sing Paincare,2019,30-Jun-19,12 Months,ARS,3.89,3.89,1.25,0.02,-,0.76,2.48,1.4,-0.01,-,1.39,0.14,1.26,1.26,1.26,1.26,1.26,1.26,161.62,0.01,-,0.01,30-Jun-19,ARS,-,-,1.24,1.05,1.05,0.01,-,2.42,-,-,0.02,-,0,0.24,2.68,-,-,0,0.14,2.38,0,2,-,-,2.38,0,0.3,-,-,-,0.3,2.68,161.62,0,30-Jun-19,ARS,1.39,0.02,-0.29,0.21,-0.46,0.67,-0.01,-0.08,-0.09,-,0,-0.12,-,0.45,30-Jun-19,0.466,2.365,0.361,0.323,1.443,1.019,0.967,6.629
Suntar Eco-City,2015,31-Dec-15,12 Months,ARS,31.88,31.88,8.16,-,-,-1.37,36.4,-4.53,-,-,-4.53,0.04,-4.57,-4.57,-4.57,-4.57,-4.57,-4.57,62.76,-0.07,-,-0.07,31-Dec-15,ARS,-,-,28.03,1.49,4.24,0.36,0,85.57,-,-,19.49,-,0.34,21.22,141.17,15.11,-,0,7.3,22.41,0,0,-,-,22.41,162.71,-43.95,-,-,-,118.76,141.17,62.76,1.89,31-Dec-15,ARS,-4.53,1.64,0.13,0.04,-10.01,-12.71,-3.07,33.83,30.76,-,-,1.7,-0.01,19.74,31-Dec-15,-,-,-0.142,-0.143,-,3.819,1.456,-
Suntar Eco-City,2016,31-Dec-16,12 Months,ARS,34.9,34.9,7.89,-,1.77,-2.69,33.57,1.33,-,-,1.33,0.56,0.78,0.78,0.78,0.78,0.78,0.78,62.76,0.01,-,0.03,31-Dec-16,ARS,-,-,30.61,2.98,6.9,0.36,10.5,97.26,-,-,17.63,-,0.26,19.34,148.68,17.68,-,0,11.46,29.14,0,0,-,-,29.14,162.71,-43.17,-,-,-,119.54,148.68,62.76,1.9,31-Dec-16,ARS,1.33,2.2,1.34,-0.04,8.13,13.08,-2.25,-10.35,-12.6,-,-,2.08,0.01,2.57,31-Dec-16,0.005,0.007,0.038,0.022,0.241,3.338,1.66,-
Suntar Eco-City,2017,31-Dec-17,12 Months,ARS,44.28,44.28,11.65,-,11.23,-1.77,61.14,-16.86,-,-,-16.86,0.61,-17.47,-17.47,-17.47,-17.47,-17.47,-17.47,62.76,-0.28,-,-0.16,31-Dec-17,ARS,-,-,66.36,9.2,12.11,0.36,-,120.6,-,-,5.94,-,0.21,0.84,141.42,25.3,-,0,14.06,39.36,0,0,-,-,39.36,162.71,-60.65,-,-,-,102.07,141.42,62.76,1.62,31-Dec-17,ARS,-16.86,1.83,11.07,0.53,29.01,25.1,-1.41,10.54,9.13,-,-,1.53,0,35.76,31-Dec-17,-0.12,-0.158,-0.381,-0.395,0.305,3.064,2.003,-
Suntar Eco-City,2018,31-Dec-18,12 Months,ARS,9.02,9.02,3.98,-,0,-1.73,10.46,-1.44,-,-,-1.44,-0.29,-1.15,-1.15,-13.41,-1.15,-13.41,-13.41,62.76,-0.02,-,-0.02,31-Dec-18,ARS,-,-,75.02,10.3,12.85,0.27,-,122.14,-,-,1.72,-,-,-,138.15,20.91,-,0,27.94,48.84,0,0,-,-,48.84,162.71,-73.41,-,-,-,89.31,138.15,62.76,1.42,31-Dec-18,ARS,-13.78,2.33,4.35,0.27,15.18,8.13,-1.14,0.08,-1.06,-,-,1.57,0.01,8.66,31-Dec-18,-0.008,-0.012,-0.159,-0.128,0.065,2.501,1.805,-
Suntar Eco-City,2019,31-Dec-19,12 Months,ARS,3.25,3.25,3.35,-,0,-2.99,2.72,0.53,-,-,0.53,0.57,-0.04,-0.04,0.03,-0.04,0.03,0.03,62.76,0,-,0,31-Dec-19,ARS,-,-,80.95,5.14,13.03,0,-,105.8,-,-,14.35,-,-,-,120.15,6.83,-,0,23.99,30.82,0,0,-,-,30.82,162.71,-73.38,-,-,-,89.33,120.15,62.76,1.42,31-Dec-19,ARS,0.53,0.04,-7.35,0.35,4.59,-2.19,-0.14,7.02,6.88,-,-,1.23,0,5.93,31-Dec-19,0,0,0.163,-0.012,0.025,3.433,3.049,-
TalkMed,2015,31-Dec-15,12 Months,ARS,65.72,65.72,16.37,-,-,1.41,20.23,45.49,-,-,45.49,8.32,37.17,37.33,37.33,37.33,37.33,37.33,"1,314.29",0.03,0.02,0.03,31-Dec-15,ARS,14.21,35.35,49.56,9.17,9.65,0.1,-,59.31,0.77,-0.25,0.52,-,-,8.64,68.49,1.51,1.28,0,8.3,11.1,0,0,-,0.03,12.17,22.27,34.04,-,-,-,56.32,68.49,"1,314.29",0.04,31-Dec-15,ARS,45.49,0.17,2.45,8.07,-7.63,40.48,-0.67,-11.52,-12.2,-30.82,0,-29.62,-,-1.33,31-Dec-15,-,-,0.692,0.566,-,5.343,5.343,-
TalkMed,2016,31-Dec-16,12 Months,ARS,68.91,68.91,18.37,-,-,2.16,23.43,45.49,-,-,45.49,8.61,36.88,37.39,37.39,37.39,37.39,37.39,"1,314.29",0.03,0.02,0.03,31-Dec-16,ARS,11.29,52.71,64,6.43,6.69,0.18,-,70.93,1.03,-0.52,0.51,-,-,5,76.46,1.74,2.02,0,8.57,12.32,0,0,-,0.03,12.88,22.27,41.3,-,-,-,63.58,76.46,"1,314.29",0.05,31-Dec-16,ARS,45.49,0.27,2.9,8.34,-3.84,44.82,-0.25,0,-0.25,-30.13,-,-30.13,-,14.43,31-Dec-16,0.509,0.624,0.66,0.535,0.951,5.755,5.75,-
TalkMed,2017,31-Dec-17,12 Months,ARS,61.36,61.36,18.34,-,-,3.42,22.82,38.54,-,-,38.54,7.34,31.2,32.04,32.04,32.04,32.04,32.04,"1,314.62",0.02,0.02,0.02,31-Dec-17,Interim Report,9.63,61.42,71.05,8.37,8.64,0.27,-,80.13,1.56,-0.88,0.67,-,-,4.54,85.36,0.3,3.42,0,7.78,11.5,0,0,-,1.34,13.03,22.27,50.69,-,-,-0.63,72.33,85.36,"1,314.29",0.06,31-Dec-17,ARS,38.54,0.37,1.58,8.59,-9.5,30.99,-0.53,-,-0.53,-25,-,-23.4,-,7.06,31-Dec-17,0.386,0.471,0.628,0.508,0.758,6.966,6.952,-
TalkMed,2018,31-Dec-18,12 Months,ARS,61.28,61.28,22.91,-,-,4.21,27.28,34,-,-,34,6.79,27.21,28.91,28.91,28.91,28.91,28.91,"1,314.80",0.02,0.02,0.02,31-Dec-18,ARS,13.42,60.57,73.99,8.31,8.71,0.65,-,83.64,5.49,-1.26,4.23,-,-,3.4,91.27,0.52,4.77,0,7.45,12.74,0,0,-,5.19,17.51,22.27,51.99,-,-,-0.5,73.77,91.27,"1,314.29",0.06,31-Dec-18,ARS,34,0.38,0.82,7.34,-5.12,30.08,-3.93,-,-3.93,-28.01,-,-23.21,-,2.94,31-Dec-18,0.308,0.396,0.555,0.444,0.694,6.567,6.545,-
TalkMed,2019,31-Dec-19,12 Months,ARS,75.92,75.92,25.4,3.43,-,5.61,34.57,41.35,-,-,41.35,8.54,32.81,35.75,35.75,35.75,35.75,35.75,"1,314.72",0.03,0.02,0.03,31-Dec-19,ARS,18.37,62.33,80.7,11.42,12.27,0.61,-,94.43,11.46,-2.72,8.74,-,-,2.89,106.08,1.28,4.63,0,9.08,16.77,2.12,3.89,-,5.5,22.97,22.44,60.96,-,-,-0.29,83.11,106.08,"1,314.50",0.06,31-Dec-19,ARS,41.35,3.43,0.36,6.77,-9.25,35.88,-2.13,0.13,-2,-27.14,-,-27.18,-,6.71,31-Dec-19,0.332,0.456,0.545,0.432,0.769,5.632,5.581,0.047
Tianjin ZX USD,2015,31-Dec-15,12 Months,ARS,"7,080.55","7,080.55","1,510.19",105.81,-75.71,5.54,"6,581.55",499,-,39.27,537.17,79.3,457.87,451.44,451.44,451.44,451.44,451.44,768.87,0.59,0.15,0.5,31-Dec-15,ARS,0.26,1.49,"1,109.60","1,279.04","1,738.96",118.52,57.29,"3,998.52","1,896.25",-972.41,923.84,-,187.97,863.03,"6,068.88",-,121.8,606.11,467.32,"1,840.32",0,606.11,9.32,114.06,"2,147.17",768.87,"1,780.65",-,-,64.7,"3,921.71","6,068.88",768.87,4.86,31-Dec-15,ARS,-,-,-,-505.93,"-1,679.37",360.58,-92.64,-335.62,-428.26,-143.89,-,273.58,-,205.9,31-Dec-15,-,-,0.07,0.065,-,2.173,1.643,0.155
Tianjin ZX USD,2016,31-Dec-16,12 Months,ARS,"6,242.57","6,242.57","1,633.15",52.86,-18.5,-35.07,"5,805.59",436.99,-,29.44,466.43,57.64,408.79,423.6,423.6,423.6,423.6,423.6,768.87,0.55,0.25,0.54,31-Dec-16,ARS,0.13,0.66,"1,164.57","1,193.55","1,495.78",141.3,223.09,"3,953.83","2,008.59","-1,004.84","1,003.74",-,180.66,"1,203.07","6,443.78",-,120.47,873.44,428.18,"1,968.52",0,873.44,7.29,122.58,"2,261.06",768.87,"1,983.68",-,-,52.63,"4,182.73","6,443.78",768.87,5.21,31-Dec-16,ARS,-,-,-,-487.64,"-1,664.15",417.77,-118.17,204.73,86.56,-205.52,-,-339.41,-,164.92,31-Dec-16,0.065,0.105,0.07,0.065,0.998,2.009,1.537,0.209
Tianjin ZX USD,2017,31-Dec-17,12 Months,ARS,"5,689.24","5,689.24","1,741.34",56.99,-37.34,-25.44,"5,164.89",524.35,-,6.65,531,57.74,473.26,476.08,476.08,476.08,476.08,476.08,768.87,0.62,0.2,0.59,31-Dec-17,ARS,0.25,-,975.11,"1,249.44","1,541.13",160.53,179.3,"3,960.55","2,119.11","-1,031.21","1,087.90",-,179.33,"1,278.81","6,621.80",538.05,125.38,379.99,818.05,"1,861.46",0,379.99,6.98,127.87,"2,145.05",768.87,"2,344.43",-,-,48.21,"4,476.76","6,621.80",768.87,5.59,31-Dec-17,ARS,-,-,-,-514.68,"-1,816.20",-3.97,-114.42,311.82,197.4,-127.46,-,-161.36,-,32.08,31-Dec-17,0.072,0.11,0.092,0.083,0.871,2.128,1.534,0.085
Tianjin ZX USD,2018,31-Dec-18,12 Months,ARS,"6,358.62","6,358.62","2,001.86",59.11,-5.41,-5.78,"5,717.07",641.55,-,0.71,640.63,72.84,567.79,561.68,561.68,561.68,561.68,561.68,769.42,0.73,0.22,0.73,31-Dec-18,ARS,0.07,53.31,"1,508.37","1,319.87","1,728.51",139.3,75.48,"4,780.04","2,282.50","-1,066.30","1,216.20",-,174.86,796.59,"7,109.90",588.23,164.88,264.38,896.57,"1,914.98",3.68,268.98,5.91,130.93,"2,182.91",768.87,"2,752.34",-,-,81.92,"4,926.99","7,109.90",768.87,6.18,31-Dec-18,ARS,-,-,-,-554.86,"-2,084.85",350.14,-175.81,557.76,381.95,-164.75,-,-252.14,-,479.95,31-Dec-18,0.083,0.119,0.101,0.089,0.926,2.496,1.802,0.055
Tianjin ZX USD,2019,31-Dec-19,12 Months,ARS,"6,993.88","6,993.88","2,193.05",73.75,-29.94,-8.51,"6,234.86",759.02,-,-15.1,743.15,107.79,635.36,625.57,625.57,625.57,625.57,625.57,768.87,0.81,0.3,0.78,31-Dec-19,ARS,0.03,43.52,"1,522.93","1,373.02","1,808.59",120.01,88.67,"5,134.75","2,543.03","-1,130.22","1,412.82",-,175.57,929.46,"7,843.18",660.9,191.32,5.75,"1,298.28","2,157.21",32.71,39.42,8.94,121.11,"2,455.00",772.8,"3,208.75",-28.3,-,86.18,"5,388.17","7,843.18",768.87,6.78,31-Dec-19,ARS,-,-,-,-598.75,"-2,305.47",495.49,-205.61,104.82,-100.79,-173.35,-,-370.36,-,24.34,31-Dec-19,0.085,0.121,0.109,0.091,0.935,2.38,1.641,0.007
Top Glove,2015,31-Aug-15,12 Months,ARS,"2,510.51","2,510.51",218.1,-,-0.81,-7.35,"2,155.01",355.5,8.04,-,363.54,82.35,281.19,279.78,279.78,279.78,279.78,279.78,"2,477.78",0.11,0.05,0.11,31-Aug-15,ARS,144.88,671.26,816.13,364.14,387.7,8.19,8.96,"1,473.10","1,701.62",-675.13,"1,026.49",22.81,-,116.46,"2,687.93",179.78,49.53,530.33,161.05,920.69,105.69,636.03,47.15,-,"1,079.97",312.09,"1,068.08",-14.72,-0.08,42.29,"1,607.96","2,687.93","2,483.44",0.64,31-Aug-15,ARS,363.54,96.62,0.81,55.56,-126.89,334.08,-205.74,-435.8,-641.54,-104.98,2.92,262.04,2.98,-42.45,31-Aug-15,-,-,0.142,0.112,-,1.6,1.326,0.396
Top Glove,2016,31-Aug-16,12 Months,ARS,"2,888.52","2,888.52",211.34,-,0,-13.5,"2,473.00",415.52,26.69,-,442.2,79.76,362.44,360.73,360.73,360.73,360.73,360.73,"2,506.46",0.14,0.07,0.14,31-Aug-16,ARS,213.77,489.41,703.18,326.48,346.58,8.54,14.76,"1,336.74","1,908.58",-751.81,"1,156.77",22.81,-,86.29,"2,649.14",176.49,51.43,317.8,145.2,690.91,81.64,399.43,50.76,-,831.13,627.41,"1,174.20",-9.74,-4.31,25.68,"1,818.01","2,649.14","2,505.30",0.72,31-Aug-16,ARS,442.2,105.77,-32.22,98.47,-82.05,433.71,-231.3,196.94,-34.36,-168.86,38.9,-328.03,6.62,77.94,31-Aug-16,0.136,0.211,0.144,0.125,1.082,1.935,1.553,0.22
Top Glove,2017,31-Aug-17,12 Months,ARS,"3,409.18","3,409.18",283.7,-,-4.29,-18.3,"3,034.07",375.11,9.94,-,385.04,54.51,330.53,330.66,330.66,330.66,330.66,330.66,"2,532.80",0.13,0.07,0.13,31-Aug-17,ARS,230.01,216.97,446.98,393.43,460.51,13.5,14.59,"1,251.36","2,355.88",-857.4,"1,498.49",22.81,-,162.39,"2,990.18",233.49,56.55,314.38,191.05,795.74,61.75,376.39,68.26,0,934.95,636.64,"1,373.32",-9.74,1.3,53.7,"2,055.23","2,990.18","2,508.27",0.81,31-Aug-17,ARS,385.04,106.04,16.31,65.47,-126.31,381.09,-479.25,302.59,-176.67,-181.73,4.96,-205.33,16.28,15.36,31-Aug-17,0.117,0.171,0.11,0.097,1.209,1.573,1.176,0.183
Top Glove,2018,31-Aug-18,12 Months,ARS,"4,220.74","4,220.74",341.2,-,-4.66,-31.02,"3,679.57",541.17,-18.37,-,522.8,89.59,433.21,428.83,428.83,428.83,428.83,428.83,"2,539.27",0.17,0.09,0.17,31-Aug-18,ARS,160.34,198.57,358.91,618.06,680.96,27.66,34.03,"1,607.43","3,060.75",-955.98,"2,104.76","1,260.04",-,178.82,"5,297.35",276.89,84.69,785.34,207.41,"1,451.57","1,330.36","2,212.93",116.31,0.72,"2,914.30",787.71,"1,611.99",-9.33,-1.16,-6.17,"2,383.05","5,297.35","2,556.32",0.44,31-Aug-18,ARS,522.8,143.61,51.36,51.92,-378.08,341.22,-458.98,"-1,239.26","-1,698.24",-196.15,13.47,"1,282.93",-5.72,-79.8,31-Aug-18,0.105,0.193,0.128,0.103,1.019,1.107,0.759,0.929
Top Glove,2019,31-Aug-19,12 Months,ARS,"4,801.14","4,801.14",427.3,-,-1.7,-33.68,"4,305.89",495.25,-71.66,-,423.59,56.04,367.55,364.68,364.68,364.68,364.68,381.67,"2,686.61",0.14,0.08,0.14,31-Aug-19,ARS,145.41,107.66,253.07,562.77,596.64,35.25,23.84,"1,538.69","3,549.72","-1,069.69","2,480.03","1,256.38",-,176.15,"5,688.21",280.86,79.16,905.34,190.45,"1,591.79","1,379.37","2,420.69",159.71,3.19,"3,151.25",788.33,"1,776.97",-1.78,2.08,-28.65,"2,536.96","5,688.21","2,559.81",0.5,31-Aug-19,ARS,423.59,188.82,91.04,59.79,-180.93,526.19,-568.16,74.7,-493.46,-217.39,15.15,-34.57,2.83,0.99,31-Aug-19,0.067,0.148,0.103,0.077,0.874,0.967,0.571,0.954
UG Healthcare,2016,30-Jun-16,12 Months,ARS,58.82,58.82,8.07,-,0,-2.33,51.87,6.95,0.52,-,7.47,1.95,5.52,5.45,5.45,5.45,5.45,5.45,188.58,0.03,0.01,0.03,30-Jun-16,ARS,5.99,-,5.99,13.65,13.65,-,-,33.22,-,-,17.08,-,0.3,5.29,56.04,-,-,0,0.14,13.42,3.01,10.77,1.27,-,17.9,36.24,1.9,-,-,-,38.15,56.04,188.02,0.2,30-Jun-16,ARS,7.47,1.05,-4.14,0.94,-5.78,-1.41,-4.56,-0.23,-4.79,-,0,5.2,0.5,-0.5,30-Jun-16,-,-,0.118,0.094,-,2.476,1.464,0.282
UG Healthcare,2017,30-Jun-17,12 Months,ARS,65.24,65.24,8.36,-,-,-1.23,62.71,2.53,0.04,-,2.57,0.39,2.18,2.44,2.44,2.44,2.44,2.44,191.97,0.01,0,0.01,30-Jun-17,ARS,3.54,-,3.54,21.29,21.29,-,0.32,40.84,-,-,19.16,-,0.26,5.58,66.24,-,-,0,0,25.99,1.65,18.89,1.54,-,29.11,37.13,0.01,-,-,-,37.13,66.24,191.46,0.19,30-Jun-17,ARS,2.57,1.36,-2.02,0.85,-9.02,-7.11,-3.63,0.96,-2.67,-0.2,-,7.92,-0.01,-1.87,30-Jun-17,0.036,0.065,0.039,0.033,1.067,1.571,0.967,0.509
UG Healthcare,2018,30-Jun-18,12 Months,ARS,78.06,78.06,10.65,-,-0.01,1.12,72.9,5.16,-0.12,-,5.05,0.73,4.31,4.34,4.34,4.34,4.34,4.34,191.79,0.02,0,0.02,30-Jun-18,ARS,6.73,-,6.73,25.14,26.32,-,-,55.18,-,-,23.36,-,0.25,5.87,85.18,-,-,0,0.75,35.74,5.48,26.84,2.09,-,43.23,37.13,14.36,-,-,-9.52,41.96,85.18,191.46,0.22,30-Jun-18,ARS,5.05,1.43,2.4,0.95,-9.29,-0.4,-4.68,0.27,-4.41,0,-,7.95,-,3.14,30-Jun-18,0.057,0.11,0.066,0.055,1.031,1.544,0.925,0.64
UG Healthcare,2019,30-Jun-19,12 Months,ARS,91.71,91.71,15.09,-,0,1.65,88.04,3.67,-0.91,-,2.76,0.55,2.22,2.51,2.51,2.51,2.51,2.51,193.35,0.01,0,0.01,30-Jun-19,ARS,4.87,-,4.87,19.54,23.78,1.86,0.21,61.75,43.84,-11.8,32.04,-,0.3,4.6,99.09,6.5,2.05,29.79,5.64,46.42,6.1,38.34,3.2,-,56.76,37.47,30.8,-,-,-25.94,42.33,99.09,193.3,0.22,30-Jun-19,ARS,2.76,1.61,-0.89,0.52,-9.87,-6.37,-8.6,1.71,-6.89,-0.1,-,11.4,-,-1.86,30-Jun-19,0.024,0.059,0.04,0.024,0.995,1.33,0.662,0.906
UG Healthcare,2020,30-Jun-20,12 Months,PRESS,144.21,144.21,17.72,-,-,5.92,125.32,18.89,-0.83,-,18.06,2.97,15.09,13.4,13.4,13.4,13.4,13.4,197.42,0.07,0.01,0.07,30-Jun-20,PRESS,9.29,-,9.29,32.86,32.86,-,0.11,75.99,-,-,31.52,-,0.26,4.93,113.02,-,-,-,1.48,50.82,4.79,35.65,3.14,-,60.79,37.87,14.35,-,-,-,52.22,113.02,196.09,0.26,30-Jun-20,PRESS,18.06,2.44,0.09,-0.13,-9.62,10.99,-3.29,0.44,-2.85,-0.1,-,-3.74,-,4.4,30-Jun-20,0.142,0.283,0.131,0.105,1.36,1.495,0.832,0.683
Vicplas Intl,2015,31-Jul-15,12 Months,ARS,74.1,74.1,31.74,3.73,-0.86,1.19,66.92,7.18,-0.05,-,7.14,1.37,5.77,5.77,5.77,5.77,5.77,5.77,481.79,0.01,0.01,0.01,31-Jul-15,ARS,-,-,14,18.55,21.11,0.93,0.61,43.98,51.01,-32.09,18.91,-,0.16,6.14,71.08,3.8,-,2.03,6.85,12.9,0.53,2.78,1.79,-,15.22,47.44,5.74,-0.04,3.06,-0.34,55.86,71.08,472.58,0.12,31-Jul-15,ARS,7.14,3.7,-0.19,2.08,-3.27,7.41,-2.97,0.05,-2.92,-,0.67,1.51,-0.07,5.92,31-Jul-15,-,-,0.097,0.078,-,3.41,2.841,0.05
Vicplas Intl,2016,31-Jul-16,12 Months,ARS,76.1,76.1,36.76,3.87,0.16,-3.41,69.32,6.78,-0.12,-,6.66,1.33,5.33,5.38,5.38,5.38,5.38,5.38,490.58,0.01,0.01,0.01,31-Jul-16,ARS,-,-,18.49,16.61,19.81,-,-,45.49,-,-,18.36,-,1.21,6.02,72.63,2.85,-,1.49,7.38,12.05,0.63,2.45,1.53,-,14.23,49.81,6.48,-0.04,2.97,-0.82,58.4,72.63,498.27,0.11,31-Jul-16,ARS,6.66,3.84,0.44,1.54,0.5,11.48,-2.82,-0.65,-3.46,-3.25,0.75,-3.22,-0.32,4.49,31-Jul-16,0.074,0.094,0.089,0.07,1.059,3.775,3.178,0.042
Vicplas Intl,2017,31-Jul-17,12 Months,ARS,63.71,63.71,18.97,3.4,-0.04,9.25,59.82,3.89,-0.12,-0.02,3.76,0.59,3.17,3.21,3.21,3.21,3.21,3.21,503.17,0.01,0.01,0.01,31-Jul-17,ARS,-,-,16.31,19.04,21.61,-,-,43.85,-,-,17.49,-,1.18,6.02,70.04,2.8,-,1.33,5.78,10.16,0.33,1.91,1.53,-,12,50.05,6.07,-0.04,2.97,-1.01,58.04,70.04,500.97,0.11,31-Jul-17,ARS,3.76,3.37,0.2,1.61,-2.06,5.3,-2.93,-0.46,-3.39,-3.75,0.25,-4.03,-0.05,-2.17,31-Jul-17,0.044,0.055,0.061,0.05,0.893,4.316,3.733,0.033
Vicplas Intl,2018,31-Jul-18,12 Months,ARS,70.24,70.24,21.27,3.57,0.01,12.3,67.84,2.4,-0.15,-,2.25,-1.35,3.6,3.62,3.62,3.62,3.62,3.62,503.9,0.01,0.01,0.01,31-Jul-18,ARS,-,-,7.89,22.46,24.57,-,-,42.43,-,-,20.17,-,1.2,7.67,73.96,4.21,-,2.81,6.28,13.47,0.14,3.12,1.52,-,15.09,50.41,6.49,-0.04,2.97,-0.95,58.88,73.96,505.22,0.11,31-Jul-18,ARS,2.25,3.54,0.19,0.23,-4.8,1.22,-6.47,-1.11,-7.58,-3.78,0.35,-2.22,0.16,-8.42,31-Jul-18,0.05,0.062,0.034,0.051,0.976,3.151,2.411,0.053
Vicplas Intl,2019,31-Jul-19,12 Months,ARS,80.17,80.17,24.55,3.94,-0.09,11.23,75.85,4.32,-0.34,-,3.98,-0.22,4.2,4.24,4.24,4.24,4.24,4.24,505.32,0.01,0.01,0.01,31-Jul-19,ARS,-,-,4.11,29.4,32.02,-,-,45.94,-,-,23.89,-,1.16,8.54,82.41,4.27,-,8.63,7.11,20.23,0.11,8.96,1.54,-,21.8,50.41,8.31,-0.04,2.97,-1.04,60.61,82.41,505.22,0.12,31-Jul-19,ARS,3.98,3.91,0.94,0.13,-6.79,2.07,-7.04,-1.87,-8.91,-2.53,0,3.06,0,-3.79,31-Jul-19,0.054,0.071,0.054,0.052,1.025,2.271,1.786,0.148
Yunnan Energy,2015,31-Dec-15,12 Months,ARS,"1,332.32","1,332.32",392.99,6.63,0.66,-6.01,"1,293.22",39.1,-11.35,-,27.75,2.36,25.38,27.23,27.23,27.23,27.23,27.23,274.86,0.1,0.03,0.1,31-Dec-15,ARS,124.3,-,124.3,641.03,642.9,-,-,"1,055.44",5.26,-,89.77,22.33,34.43,-,"1,209.50",-,-,14.73,15.12,452.98,99.99,313.94,1.84,3.98,555.04,106.74,547.72,-,-,-,654.46,"1,209.50",275.44,2.17,31-Dec-15,ARS,27.75,13.48,16.86,1.58,-23.74,40.98,-15,2.84,-12.16,-,9.6,-12.82,-5.53,10.47,31-Dec-15,-,-,0.029,0.019,-,2.33,1.694,0.48
Yunnan Energy,2016,31-Dec-16,12 Months,ARS,"1,418.64","1,418.64",391.77,11.04,1.16,1.53,"1,401.35",17.29,-10.3,-,6.99,2.23,4.76,7.85,7.85,7.85,7.85,7.85,277.04,0.03,0,0.03,31-Dec-16,ARS,128.75,-,128.75,714.76,715.85,-,-,"1,163.27",6.23,-,81.68,19.15,32.44,-,"1,303.97",-,-,28.5,18.07,632.36,45.15,358.89,1.09,3.46,675.14,106.74,522.09,-,-,-,628.83,"1,303.97",275.44,2.1,31-Dec-16,ARS,6.99,11.23,20.76,0.26,-36.05,13.97,-23.24,4.08,-19.16,-7.67,0,13.55,-3.94,4.43,31-Dec-16,0.004,0.012,0.012,0.003,1.129,1.84,1.336,0.571
Yunnan Energy,2017,31-Dec-17,12 Months,ARS,"1,127.67","1,127.67",156.78,0,-5.61,5.59,"1,019.45",108.22,-4.28,-,103.94,3.64,100.3,103,10.35,103,10.35,10.35,275.44,0.37,-,0.35,31-Dec-17,ARS,111.9,-,111.9,687.44,690.27,-,-,"1,148.21",7.05,-,85.51,10.44,33.81,-,"1,285.41",-,-,21.57,21.5,614.21,24.41,310.08,1.13,9.24,639.42,106.74,539.25,-,-,-,645.99,"1,285.41",275.44,2.18,31-Dec-17,ARS,11.5,9.18,24.5,2.18,-74.63,-17.21,-20.11,3.15,-16.97,0,-,-3.22,4.89,-32.5,31-Dec-17,0.077,0.162,0.096,0.089,0.871,1.869,1.306,0.48
Yunnan Energy,2018,31-Dec-18,12 Months,ARS,634.41,634.41,143.9,0.77,-,18.88,637.38,-2.97,-6.21,-,-9.17,0,-9.17,-8.16,-73.21,-8.16,-73.21,-73.21,275.44,-0.03,-,-0.03,31-Dec-18,ARS,187.56,-,187.56,213.19,213.19,24.34,-,534.61,-,-,2.98,0,3.09,3.2,543.89,44.99,3.27,0,170.94,245.73,0,26.53,0,0,245.73,107.42,35.59,-,-,11.77,298.16,543.89,275.44,1.07,31-Dec-18,ARS,-9.17,6.04,-37.63,0.28,186.57,153.47,-46.76,1.57,-45.19,-,-,-5.32,-6.32,96.65,31-Dec-18,-0.01,-0.017,-0.005,-0.014,0.694,2.176,1.73,0.089
Yunnan Energy,2019,31-Dec-19,12 Months,ARS,311.47,311.47,84.94,0.77,-,-4.03,317.69,-6.22,-13.4,-,-19.62,0.17,-19.79,-19.79,-19.79,-19.79,-19.79,-19.79,275.44,-0.07,-,-0.07,31-Dec-19,ARS,204.88,-,204.88,140.15,140.15,99.85,-,500.7,6.58,-1.85,4.73,0,2.32,3.2,510.95,13.89,3.1,0,18.17,45.25,185.01,195.1,0,0,230.26,107.42,27.46,-,-,2.42,280.69,510.95,275.44,1.01,31-Dec-19,ARS,-19.62,2.04,10.04,0.18,-9.79,-16.55,-0.43,3.86,3.43,-,-,26.8,3.65,17.32,31-Dec-19,-0.038,-0.068,-0.02,-0.064,0.591,11.066,9.832,0.695
